Rented Bike Count,Hour,Temperature(°C),Humidity(%),Wind speed (m/s),Visibility (10m),Dew point temperature(°C),Solar Radiation (MJ/m2),Rainfall(mm),Snowfall (cm),Seasons,Holiday,Functioning Day,연도,월,일,요일,Visibility Category,Rainfall Category,Snowfall Category,Wind Speed Category,Temperature(°C)_std,Solar Radiation (MJ/m2)_std
1492,16,0.3017738343026642,42.0,1.3,1976,5.0,0.7555657564562213,0.0,0.0,Autumn,No Holiday,Yes,2018,10,24,Wednesday,1668-2000,0,Low Snowfall,1.00 - 1.60,0.30177383430266413,0.7555657564562213
1536,14,0.8332853150619366,64.0,2.8,520,15.8,1.187660422598134,0.0,0.0,Spring,Holiday,Yes,2018,5,1,Tuesday,0-925,0,Low Snowfall,2.20 - 7.30,0.8332853150619365,1.187660422598134
327,2,-0.5619323219311537,59.0,0.6,1584,-1.2,-0.6691788183900854,0.0,0.0,Autumn,No Holiday,Yes,2018,11,14,Wednesday,925-1668,0,Low Snowfall,0.20 - 1.00,-0.5619323219311538,-0.6691788183900854
170,4,0.8498950488356638,83.0,1.6,1102,20.1,-0.6691788183900854,0.0,0.0,Summer,No Holiday,Yes,2018,8,31,Friday,925-1668,0,Low Snowfall,1.00 - 1.60,0.8498950488356637,-0.6691788183900854
45,5,0.8914193832699819,64.0,0.9,876,16.4,-0.6691788183900854,0.1,0.0,Summer,No Holiday,Yes,2018,6,26,Tuesday,0-925,Non-0,Low Snowfall,0.20 - 1.00,0.8914193832699818,-0.6691788183900854
1127,22,1.3149675945000274,79.0,0.2,1604,24.7,-0.6691788183900854,0.0,0.0,Summer,No Holiday,Yes,2018,8,12,Sunday,925-1668,0,Low Snowfall,,1.3149675945000274,-0.6691788183900854
941,11,1.3564919289343453,60.0,2.3,1861,21.3,2.3788403130434066,0.0,0.0,Summer,No Holiday,Yes,2018,7,4,Wednesday,1668-2000,0,Low Snowfall,2.20 - 7.30,1.3564919289343453,2.3788403130434066
255,4,0.6754928442115277,62.0,1.8,2000,13.5,-0.6691788183900854,0.0,0.0,Autumn,No Holiday,Yes,2018,9,2,Sunday,2000 이상,0,Low Snowfall,1.60 - 2.20,0.6754928442115276,-0.6691788183900854
332,2,0.5841393084560276,59.0,1.5,2000,11.7,-0.6691788183900854,0.0,0.0,Autumn,No Holiday,Yes,2018,9,10,Monday,2000 이상,0,Low Snowfall,1.00 - 1.60,0.5841393084560275,-0.6691788183900854
2202,8,-0.3127863153252448,68.0,0.2,952,3.5,-0.3421882602286379,0.0,0.0,Autumn,No Holiday,Yes,2018,10,17,Wednesday,925-1668,0,Low Snowfall,,-0.31278631532524487,-0.34218826022863796
374,10,-0.7778588609896082,37.0,1.630300967844736,2000,-9.7,0.3001146218742052,0.0,0.0,Spring,No Holiday,Yes,2018,3,21,Wednesday,2000 이상,0,Low Snowfall,1.60 - 2.20,-0.7778588609896083,0.3001146218742051
1390,7,-0.0055062405112904465,61.0,1.3,1818,5.1,-0.17869298114791426,0.0,0.0,Spring,No Holiday,Yes,2018,5,24,Thursday,1668-2000,0,Low Snowfall,1.00 - 1.60,-0.005506240511290525,-0.1786929811479143
396,12,-0.6200663901391992,25.0,3.1,1652,-13.0,1.9934585837817007,0.0,0.0,Winter,No Holiday,Yes,2018,2,25,Sunday,925-1668,0,Low Snowfall,2.20 - 7.30,-0.6200663901391993,1.9934585837817007
2692,18,0.3349933018501186,28.0,3.1,2000,-1.6,0.35850579297446367,0.0,0.0,Spring,No Holiday,Yes,2018,4,16,Monday,2000 이상,0,Low Snowfall,2.20 - 7.30,0.33499330185011855,0.3585057929744636
248,5,1.2568335262919819,84.0,0.5,754,25.1,-0.6691788183900854,0.0,0.0,Summer,No Holiday,Yes,2018,7,28,Saturday,0-925,0,Low Snowfall,0.20 - 1.00,1.2568335262919819,-0.6691788183900854
169,7,-0.03872570805874486,62.0,0.4,1003,5.4,-0.6691788183900854,0.0,0.0,Spring,No Holiday,Yes,2018,4,1,Sunday,925-1668,0,Low Snowfall,0.20 - 1.00,-0.03872570805874494,-0.6691788183900854
0,8,-0.14668897758797214,69.0,0.9,1714,5.7,-0.0969453416075524,0.0,0.0,Autumn,No Holiday,No,2018,10,2,Tuesday,1668-2000,0,Low Snowfall,0.20 - 1.00,-0.14668897758797222,-0.09694534160755244
47,11,-0.48718851994938106,93.0,2.6,697,6.0,-0.4472923682091032,0.0,0.0,Spring,No Holiday,Yes,2018,4,5,Thursday,0-925,0,Low Snowfall,2.20 - 7.30,-0.4871885199493811,-0.44729236820910323
133,21,0.40973710383189116,70.0,7.3,1634,11.9,-0.6691788183900854,0.5,0.0,Spring,No Holiday,Yes,2018,4,10,Tuesday,925-1668,Non-0,Low Snowfall,2.20 - 7.30,0.4097371038318911,-0.6691788183900854
754,0,-0.08025004249306303,77.0,0.9,433,7.4,-0.6691788183900854,0.0,0.0,Autumn,No Holiday,Yes,2018,11,10,Saturday,0-925,0,Low Snowfall,0.20 - 1.00,-0.08025004249306311,-0.6691788183900854
471,19,-0.9107367311794263,48.0,1.8,1519,-7.8,-0.6691788183900854,0.0,0.0,Winter,No Holiday,Yes,2018,1,19,Friday,925-1668,0,Low Snowfall,1.60 - 2.20,-0.9107367311794264,-0.6691788183900854
397,17,-1.251236273540835,37.0,1.4,1591,-14.8,-0.5640747104096202,0.0,0.0,Winter,No Holiday,Yes,2018,1,4,Thursday,925-1668,0,Low Snowfall,1.00 - 1.60,-1.251236273540835,-0.5640747104096202
309,1,0.06093269458361868,73.0,1.6117241594271543,1182,8.9,-0.6691788183900854,0.0,0.0,Spring,No Holiday,Yes,2018,3,14,Wednesday,925-1668,0,Low Snowfall,1.60 - 2.20,0.0609326945836186,-0.6691788183900854
33,3,-2.0152840271322896,54.0,0.6,2000,-18.7,-0.6691788183900854,0.0,0.0,Winter,No Holiday,Yes,2018,2,5,Monday,2000 이상,0,Low Snowfall,0.20 - 1.00,-2.0152840271322896,-0.6691788183900854
1502,7,0.3183835680763914,60.5,0.8,1387,8.9,-0.24876238646822443,0.0,0.0,Spring,No Holiday,Yes,2018,5,28,Monday,925-1668,0,Low Snowfall,0.20 - 1.00,0.31838356807639134,-0.24876238646822446
483,3,0.7751512468538909,54.0,1.0,1818,13.1,-0.6691788183900854,0.0,0.0,Summer,No Holiday,Yes,2018,8,18,Saturday,1668-2000,0,Low Snowfall,0.20 - 1.00,0.7751512468538908,-0.6691788183900854
2348,20,1.0575167210072547,53.0,1.3,2000,15.3,-0.6341441157299302,0.0,0.0,Summer,No Holiday,Yes,2018,7,8,Sunday,2000 이상,0,Low Snowfall,1.00 - 1.60,1.0575167210072547,-0.6341441157299302
195,3,-0.9190415980662899,33.0,0.9,1994,-12.7,-0.6691788183900854,0.0,0.0,Autumn,No Holiday,Yes,2018,11,29,Thursday,1668-2000,0,Low Snowfall,0.20 - 1.00,-0.91904159806629,-0.6691788183900854
1075,23,1.1903945911970728,81.0,1.7147240402034238,1287,23.7,-0.6691788183900854,0.0,0.0,Summer,No Holiday,Yes,2018,8,9,Thursday,925-1668,0,Low Snowfall,1.60 - 2.20,1.1903945911970728,-0.6691788183900854
0,23,-0.17160357824856295,76.0,1.2,456,6.8,-0.6691788183900854,0.0,0.0,Autumn,No Holiday,No,2018,11,9,Friday,0-925,0,Low Snowfall,1.00 - 1.60,-0.17160357824856304,-0.6691788183900854
356,13,-0.5536274550442901,55.0,3.0,792,-2.0,0.3234710903143086,0.0,0.0,Winter,No Holiday,Yes,2018,1,20,Saturday,0-925,0,Low Snowfall,2.20 - 7.30,-0.5536274550442902,0.32347109031430854
103,7,0.6505782435509367,98.0,0.5,299,20.4,-0.645822349949982,2.0,0.0,Summer,No Holiday,Yes,2018,8,27,Monday,0-925,Non-0,Low Snowfall,0.20 - 1.00,0.6505782435509366,-0.645822349949982
409,2,-0.08855490937992662,57.0,1.0,1793,3.6,-0.6691788183900854,0.0,0.0,Spring,No Holiday,Yes,2018,4,26,Thursday,1668-2000,0,Low Snowfall,0.20 - 1.00,-0.0885549093799267,-0.6691788183900854
1849,13,0.7917609806276183,40.0,2.6,1854,8.2,2.413875015703562,0.0,0.0,Autumn,Holiday,Yes,2018,10,3,Wednesday,1668-2000,0,Low Snowfall,2.20 - 7.30,0.7917609806276182,2.413875015703562
143,20,-1.6249552834496988,37.0,3.4,2000,-18.9,-0.6691788183900854,0.0,0.0,Winter,No Holiday,Yes,2017,12,16,Saturday,2000 이상,0,Low Snowfall,2.20 - 7.30,-1.6249552834496988,-0.6691788183900854
614,23,0.04432296080989147,74.0,1.2,603,8.9,-0.6691788183900854,0.0,0.0,Spring,No Holiday,Yes,2018,3,28,Wednesday,0-925,0,Low Snowfall,1.00 - 1.60,0.04432296080989139,-0.6691788183900854
338,4,0.6837977110983912,88.0,0.9,1183,19.1,-0.6691788183900854,0.0,0.0,Autumn,No Holiday,Yes,2018,9,1,Saturday,925-1668,0,Low Snowfall,0.20 - 1.00,0.683797711098391,-0.6691788183900854
62,5,-0.64498099079979,59.0,1.7,437,-2.1,-0.6691788183900854,0.0,0.0,Winter,No Holiday,Yes,2018,2,28,Wednesday,0-925,0,Low Snowfall,1.60 - 2.20,-0.6449809907997901,-0.6691788183900854
664,12,-0.6200663901391992,20.0,1.4,1992,-15.7,1.4912945123194783,0.0,0.0,Autumn,No Holiday,Yes,2018,11,23,Friday,1668-2000,0,Low Snowfall,1.00 - 1.60,-0.6200663901391993,1.4912945123194783
219,22,-1.1598827377853353,32.0,0.9,1937,-14.6,-0.6691788183900854,0.0,0.0,Winter,No Holiday,Yes,2018,2,24,Saturday,1668-2000,0,Low Snowfall,0.20 - 1.00,-1.1598827377853353,-0.6691788183900854
47,4,-0.1965181789091539,95.0,0.7,94,9.8,-0.6691788183900854,0.0,0.0,Autumn,No Holiday,Yes,2018,11,7,Wednesday,0-925,0,Low Snowfall,0.20 - 1.00,-0.196518178909154,-0.6691788183900854
1861,15,1.231918925631391,41.0,1.6,1851,13.3,2.705830871204854,0.0,0.0,Summer,No Holiday,Yes,2018,6,16,Saturday,1668-2000,0,Low Snowfall,1.00 - 1.60,1.231918925631391,2.705830871204854
1030,14,1.1737848574233456,72.0,3.0,1126,21.6,0.3935404956346188,0.0,0.0,Summer,No Holiday,Yes,2018,6,28,Thursday,925-1668,0,Low Snowfall,2.20 - 7.30,1.1737848574233456,0.39354049563461874
236,2,0.9578583183648911,96.0,0.5,476,23.8,-0.6691788183900854,0.0,0.0,Summer,No Holiday,Yes,2018,7,11,Wednesday,0-925,0,Low Snowfall,0.20 - 1.00,0.957858318364891,-0.6691788183900854
21,2,-0.22973764645660846,90.0,2.2,490,8.6,-0.6691788183900854,0.9,0.0,Spring,No Holiday,Yes,2018,4,23,Monday,0-925,Non-0,Low Snowfall,1.60 - 2.20,-0.22973764645660855,-0.6691788183900854
1566,18,0.9495534514780276,76.0,1.2,2000,19.6,-0.529040007749465,0.0,0.0,Autumn,No Holiday,Yes,2018,9,15,Saturday,2000 이상,0,Low Snowfall,1.00 - 1.60,0.9495534514780275,-0.529040007749465
262,16,-1.2761508742014263,56.0,3.3,1541,-9.9,-0.2604406206882761,0.0,0.0,Winter,No Holiday,Yes,2018,1,9,Tuesday,925-1668,0,Low Snowfall,2.20 - 7.30,-1.2761508742014263,-0.26044062068827617
356,12,-0.7446393934421537,23.0,3.5,1785,-15.3,1.7015027282804085,0.0,0.0,Winter,No Holiday,Yes,2018,2,20,Tuesday,1668-2000,0,Low Snowfall,2.20 - 7.30,-0.7446393934421538,1.7015027282804085
688,11,1.5391990004453455,51.0,2.121196465691564,1498,20.1,2.6357614658845443,0.0,0.0,Summer,No Holiday,Yes,2018,7,16,Monday,925-1668,0,Low Snowfall,1.60 - 2.20,1.5391990004453455,2.6357614658845443
740,13,-0.48718851994938106,24.0,2.8,1838,-12.1,1.4679380438793748,0.0,0.0,Autumn,No Holiday,Yes,2018,11,30,Friday,1668-2000,0,Low Snowfall,2.20 - 7.30,-0.4871885199493811,1.4679380438793748
121,22,-2.339173835719971,45.0,4.0,2000,-24.4,-0.6691788183900854,0.0,0.7,Winter,No Holiday,Yes,2018,1,24,Wednesday,2000 이상,0,Low Snowfall,2.20 - 7.30,-2.339173835719971,-0.6691788183900854
1432,13,1.182089724310209,32.0,1.7,2000,9.0,2.9744302582660436,0.0,0.0,Autumn,No Holiday,Yes,2018,9,9,Sunday,2000 이상,0,Low Snowfall,1.60 - 2.20,1.182089724310209,2.9744302582660436
398,14,-0.4290544517413356,57.0,3.5,675,-0.2,0.8957045670968417,0.0,0.0,Winter,No Holiday,Yes,2018,2,14,Wednesday,0-925,0,Low Snowfall,2.20 - 7.30,-0.42905445174133566,0.8957045670968417
289,7,-1.0020902669349263,67.0,0.6,658,-4.5,-0.6691788183900854,0.0,0.0,Winter,No Holiday,Yes,2017,12,29,Friday,0-925,0,Low Snowfall,0.20 - 1.00,-1.0020902669349263,-0.6691788183900854
247,9,0.32668843496325484,45.0,0.9,1958,4.8,-0.3538664944486896,0.0,0.0,Spring,No Holiday,Yes,2018,4,22,Sunday,1668-2000,0,Low Snowfall,0.20 - 1.00,0.3266884349632548,-0.3538664944486897
2274,20,0.9329437177043001,72.0,2.003167261513559,833,18.8,-0.6341441157299302,0.0,0.0,Summer,No Holiday,Yes,2018,6,27,Wednesday,0-925,0,Low Snowfall,1.60 - 2.20,0.9329437177043,-0.6341441157299302
1095,12,0.43465170449248214,15.0,1.6,2000,-8.9,1.9817803495616493,0.0,0.0,Spring,No Holiday,Yes,2018,4,13,Friday,2000 이상,0,Low Snowfall,1.00 - 1.60,0.4346517044924821,1.9817803495616493
199,5,-0.08855490937992662,93.0,0.8,241,10.7,-0.6691788183900854,0.0,0.0,Spring,No Holiday,Yes,2018,5,14,Monday,0-925,0,Low Snowfall,0.20 - 1.00,-0.0885549093799267,-0.6691788183900854
11,11,0.6837977110983912,97.0,1.2,105,20.6,-0.49400530508930995,18.5,0.0,Summer,No Holiday,Yes,2018,7,1,Sunday,0-925,Non-0,Low Snowfall,1.00 - 1.60,0.683797711098391,-0.49400530508931
770,15,0.4014322369450277,77.0,1.6,2000,13.7,0.6504616484757559,0.0,0.0,Spring,No Holiday,Yes,2018,5,6,Sunday,2000 이상,0,Low Snowfall,1.00 - 1.60,0.40143223694502767,0.6504616484757559
41,3,-2.347478702606835,43.0,0.8,1963,-25.0,-0.6691788183900854,0.0,0.3,Winter,No Holiday,Yes,2018,1,27,Saturday,1668-2000,0,Low Snowfall,0.20 - 1.00,-2.347478702606835,-0.6691788183900854
70,3,-1.4671628125992897,61.0,1.3,1992,-12.5,-0.6691788183900854,0.0,0.0,Winter,No Holiday,Yes,2018,2,13,Tuesday,1668-2000,0,Low Snowfall,1.00 - 1.60,-1.4671628125992897,-0.6691788183900854
375,12,-0.6117615232523356,72.0,3.0,1700,0.9,0.3701840271945154,0.0,0.0,Spring,No Holiday,Yes,2018,3,8,Thursday,1668-2000,0,Low Snowfall,2.20 - 7.30,-0.6117615232523357,0.3701840271945153
53,3,-1.1017486695772898,31.0,1.54750679730964,2000,-15.4,-0.6691788183900854,0.0,0.0,Winter,No Holiday,Yes,2018,1,22,Monday,2000 이상,0,Low Snowfall,1.00 - 1.60,-1.1017486695772898,-0.6691788183900854
430,1,0.3432981687369824,72.0,1.7,1353,12.0,-0.6691788183900854,0.0,0.0,Spring,No Holiday,Yes,2018,4,3,Tuesday,925-1668,0,Low Snowfall,1.60 - 2.20,0.3432981687369823,-0.6691788183900854
73,6,0.8997242501568457,89.0,3.3,882,21.8,-0.6691788183900854,1.5,0.0,Summer,No Holiday,Yes,2018,8,21,Tuesday,0-925,Non-0,Low Snowfall,2.20 - 7.30,0.8997242501568455,-0.6691788183900854
314,17,-1.4256384781649716,26.0,2.2,2000,-20.8,-0.4356141339890515,0.0,0.0,Winter,No Holiday,Yes,2017,12,27,Wednesday,2000 이상,0,Low Snowfall,1.60 - 2.20,-1.4256384781649716,-0.4356141339890516
501,18,-0.64498099079979,62.0,2.9,503,-1.5,-0.6575005841700337,0.0,0.0,Winter,No Holiday,Yes,2018,1,17,Wednesday,0-925,0,Low Snowfall,2.20 - 7.30,-0.6449809907997901,-0.6575005841700337
38,1,-0.5204079874968356,84.0,0.8,320,4.1,-0.6691788183900854,0.0,0.0,Spring,No Holiday,Yes,2018,3,19,Monday,0-925,0,Low Snowfall,0.20 - 1.00,-0.5204079874968357,-0.6691788183900854
216,6,0.4429565713793459,71.0,0.9,2000,12.9,-0.6691788183900854,0.0,0.0,Summer,No Holiday,Yes,2018,6,10,Sunday,2000 이상,0,Low Snowfall,0.20 - 1.00,0.44295657137934585,-0.6691788183900854
158,5,-0.7446393934421537,71.0,1.714803580984413,2000,-0.7,-0.6691788183900854,0.0,0.0,Autumn,No Holiday,Yes,2018,11,12,Monday,2000 이상,0,Low Snowfall,1.60 - 2.20,-0.7446393934421538,-0.6691788183900854
149,4,0.8083707144013456,97.0,0.2,1808,22.1,-0.6691788183900854,0.0,0.0,Summer,No Holiday,Yes,2018,7,3,Tuesday,1668-2000,0,Low Snowfall,,0.8083707144013454,-0.6691788183900854
162,5,-0.37092038353329015,73.0,1.7148092508253323,2000,3.1,-0.6691788183900854,0.0,0.0,Autumn,No Holiday,Yes,2018,10,19,Friday,2000 이상,0,Low Snowfall,1.60 - 2.20,-0.3709203835332902,-0.6691788183900854
137,21,-2.247820299964471,35.0,2.2,2000,-26.2,-0.6691788183900854,0.0,0.5,Winter,No Holiday,Yes,2018,1,25,Thursday,2000 이상,0,Low Snowfall,1.60 - 2.20,-2.247820299964471,-0.6691788183900854
211,23,-1.5419066145810623,53.0,1.2,1290,-13.6,-0.6691788183900854,0.0,0.0,Winter,No Holiday,Yes,2017,12,14,Thursday,925-1668,0,Low Snowfall,1.00 - 1.60,-1.5419066145810623,-0.6691788183900854
162,8,-1.1100535364641535,78.0,1.263397473703597,249,-3.7,-0.6691788183900854,0.0,0.0,Winter,No Holiday,Yes,2017,12,30,Saturday,0-925,0,Low Snowfall,1.00 - 1.60,-1.1100535364641535,-0.6691788183900854
162,1,-1.4007238775043807,51.0,0.2,1535,-12.5,-0.6691788183900854,0.0,0.0,Winter,No Holiday,Yes,2018,1,7,Sunday,925-1668,0,Low Snowfall,,-1.4007238775043807,-0.6691788183900854
839,16,1.0159923865729363,87.0,0.9,601,22.8,0.35850579297446367,0.0,0.0,Summer,No Holiday,Yes,2018,7,2,Monday,0-925,0,Low Snowfall,0.20 - 1.00,1.0159923865729363,0.3585057929744636
122,14,-0.3210911822121084,94.0,1.3,1129,7.9,-0.3305100260085863,0.5,0.0,Spring,No Holiday,Yes,2018,4,14,Saturday,925-1668,Non-0,Low Snowfall,1.00 - 1.60,-0.3210911822121085,-0.33051002600858637
889,9,-0.6948101921209718,60.0,0.8,967,-2.5,-0.13198004426770743,0.0,0.0,Autumn,No Holiday,Yes,2018,11,19,Monday,925-1668,0,Low Snowfall,0.20 - 1.00,-0.694810192120972,-0.13198004426770746
191,7,-0.9024318642925627,56.0,0.7,1477,-5.7,-0.6691788183900854,0.0,0.0,Autumn,No Holiday,Yes,2018,11,18,Sunday,925-1668,0,Low Snowfall,0.20 - 1.00,-0.9024318642925628,-0.6691788183900854
1141,18,1.8963082765804815,35.0,1.3,2000,17.9,0.7438875222361695,0.0,0.0,Summer,No Holiday,Yes,2018,7,29,Sunday,2000 이상,0,Low Snowfall,1.00 - 1.60,1.8963082765804815,0.7438875222361695
29,0,0.617358776003482,97.0,0.3,183,19.9,-0.6691788183900854,5.5,0.0,Summer,No Holiday,Yes,2018,7,10,Tuesday,0-925,Non-0,Low Snowfall,0.20 - 1.00,0.6173587760034819,-0.6691788183900854
271,14,-1.209711939106517,20.0,4.3,2000,-21.6,0.6271051800356527,0.0,0.0,Winter,No Holiday,Yes,2017,12,26,Tuesday,2000 이상,0,Low Snowfall,2.20 - 7.30,-1.209711939106517,0.6271051800356527
68,19,0.6256636428903457,94.0,1.1,1769,19.3,-0.5056835393093616,0.5,0.0,Summer,No Holiday,Yes,2018,7,9,Monday,1668-2000,Non-0,Low Snowfall,1.00 - 1.60,0.6256636428903456,-0.5056835393093616
1025,15,-0.047030574945608465,58.0,4.1,404,4.3,1.9701021153415974,0.0,0.0,Spring,No Holiday,Yes,2018,3,24,Saturday,0-925,0,Low Snowfall,2.20 - 7.30,-0.04703057494560854,1.9701021153415974
639,10,1.5142843997847542,61.0,2.3,901,22.7,1.3277992332387543,0.0,0.0,Summer,No Holiday,Yes,2018,7,27,Friday,0-925,0,Low Snowfall,2.20 - 7.30,1.5142843997847542,1.3277992332387543
1186,20,-0.39583498419388113,59.0,1.8012717042588595,2000,0.0,-0.6691788183900854,0.0,0.0,Autumn,No Holiday,Yes,2018,10,30,Tuesday,2000 이상,0,Low Snowfall,1.60 - 2.20,-0.3958349841938812,-0.6691788183900854
2378,18,-0.17160357824856295,40.0,1.774740215874063,1854,-1.1,-0.4589706024291549,0.0,0.0,Autumn,No Holiday,Yes,2018,10,11,Thursday,1668-2000,0,Low Snowfall,1.60 - 2.20,-0.17160357824856304,-0.45897060242915494
732,10,1.065821587894118,49.0,0.9,1968,15.6,0.6971745853559628,0.0,0.0,Summer,No Holiday,Yes,2018,8,19,Sunday,1668-2000,0,Low Snowfall,0.20 - 1.00,1.065821587894118,0.6971745853559628
1528,16,0.617358776003482,32.0,0.9,1720,3.1,0.3117928560942569,0.0,0.0,Autumn,No Holiday,Yes,2018,10,25,Thursday,1668-2000,0,Low Snowfall,0.20 - 1.00,0.6173587760034819,0.31179285609425683
1446,16,0.5343101071348457,33.0,2.4,869,6.0,1.806606836260874,0.0,0.0,Spring,No Holiday,Yes,2018,4,27,Friday,0-925,0,Low Snowfall,2.20 - 7.30,0.5343101071348456,1.806606836260874
308,9,-1.2761508742014263,36.0,1.2,1276,-15.4,-0.4356141339890515,0.0,0.0,Winter,No Holiday,Yes,2018,2,9,Friday,925-1668,0,Low Snowfall,1.00 - 1.60,-1.2761508742014263,-0.4356141339890516
291,8,0.7834561137407546,93.0,1.2,683,21.2,-0.6224658815098786,0.0,0.0,Spring,No Holiday,Yes,2018,5,16,Wednesday,0-925,0,Low Snowfall,1.00 - 1.60,0.7834561137407545,-0.6224658815098786
656,6,0.8997242501568457,71.0,1.6181546390770347,2000,18.2,-0.6691788183900854,0.0,0.0,Autumn,No Holiday,Yes,2018,9,3,Monday,2000 이상,0,Low Snowfall,1.60 - 2.20,0.8997242501568455,-0.6691788183900854
1027,9,-0.49549338683624466,57.0,0.7,1553,-0.9,0.25340168499399846,0.0,0.0,Autumn,No Holiday,Yes,2018,11,2,Friday,925-1668,0,Low Snowfall,0.20 - 1.00,-0.4954933868362447,0.2534016849939984
228,9,-2.181381364869562,36.0,1.5913586610813308,2000,-25.2,-0.4472923682091032,0.0,1.0,Winter,No Holiday,Yes,2018,1,23,Tuesday,2000 이상,0,Low Snowfall,1.00 - 1.60,-2.181381364869562,-0.44729236820910323
175,16,-1.3758092768437897,36.0,1.5805754441414515,2000,-16.5,0.11326287435337815,0.0,0.0,Winter,No Holiday,Yes,2018,2,11,Sunday,2000 이상,0,Low Snowfall,1.00 - 1.60,-1.3758092768437897,0.1132628743533781
53,3,-0.9771756662743353,43.0,0.4,1261,-10.2,-0.6691788183900854,0.0,0.0,Winter,No Holiday,Yes,2018,1,8,Monday,925-1668,0,Low Snowfall,0.20 - 1.00,-0.9771756662743354,-0.6691788183900854
1416,23,0.7253220455327093,51.0,1.7,2000,11.1,-0.6691788183900854,0.0,0.0,Summer,No Holiday,Yes,2018,7,7,Saturday,2000 이상,0,Low Snowfall,1.60 - 2.20,0.7253220455327092,-0.6691788183900854
1069,22,-0.27956684777779023,41.0,0.5,1428,-3.0,-0.6691788183900854,0.0,0.0,Spring,No Holiday,Yes,2018,4,9,Monday,925-1668,0,Low Snowfall,0.20 - 1.00,-0.2795668477777903,-0.6691788183900854
178,13,-1.7910526211869713,41.0,3.4,1593,-19.5,0.7322092880161178,0.0,0.0,Winter,No Holiday,Yes,2018,1,11,Thursday,925-1668,0,Low Snowfall,2.20 - 7.30,-1.7910526211869713,0.7322092880161178
289,22,-1.118358403351017,55.0,0.6,1655,-8.4,-0.6691788183900854,0.0,0.0,Winter,No Holiday,Yes,2017,12,9,Saturday,925-1668,0,Low Snowfall,0.20 - 1.00,-1.118358403351017,-0.6691788183900854
1469,8,0.22703003232089133,75.0,1.1,804,11.2,-0.5407182419695168,0.0,0.0,Spring,No Holiday,Yes,2018,4,2,Monday,0-925,0,Low Snowfall,1.00 - 1.60,0.22703003232089125,-0.5407182419695168
2404,19,0.8166755812882094,64.0,2.3,1444,15.6,-0.14365827848775914,0.0,0.0,Summer,No Holiday,Yes,2018,6,13,Wednesday,925-1668,0,Low Snowfall,2.20 - 7.30,0.8166755812882093,-0.14365827848775917
369,7,0.6256636428903457,82.0,0.8,338,17.3,-0.48232707086925825,0.0,0.0,Summer,No Holiday,Yes,2018,6,24,Sunday,0-925,0,Low Snowfall,0.20 - 1.00,0.6256636428903456,-0.4823270708692583
284,23,-1.051919468256108,38.0,0.2,1895,-12.3,-0.6691788183900854,0.0,0.0,Spring,No Holiday,Yes,2018,3,2,Friday,1668-2000,0,Low Snowfall,,-1.051919468256108,-0.6691788183900854
193,20,-1.8741012900556075,34.0,2.6,2000,-22.5,-0.6691788183900854,0.0,0.0,Winter,No Holiday,Yes,2018,2,6,Tuesday,2000 이상,0,Low Snowfall,2.20 - 7.30,-1.8741012900556075,-0.6691788183900854
132,1,-1.1764924715590626,57.0,4.3,1429,-8.6,-0.6691788183900854,0.0,0.0,Winter,Holiday,Yes,2017,12,25,Monday,925-1668,0,Low Snowfall,2.20 - 7.30,-1.1764924715590626,-0.6691788183900854
190,1,-0.8110783285370626,72.0,1.9,306,-1.3,-0.6691788183900854,0.0,0.0,Winter,No Holiday,Yes,2018,1,18,Thursday,0-925,0,Low Snowfall,1.60 - 2.20,-0.8110783285370627,-0.6691788183900854
769,1,0.8166755812882094,80.0,0.6,2000,18.8,-0.6691788183900854,0.0,0.0,Summer,No Holiday,Yes,2018,8,26,Sunday,2000 이상,0,Low Snowfall,0.20 - 1.00,0.8166755812882093,-0.6691788183900854
298,14,-0.82768806231079,82.0,1.7,1589,0.2,-0.02687593628724217,0.0,5.0,Autumn,No Holiday,Yes,2018,11,24,Saturday,925-1668,0,High Snowfall,1.60 - 2.20,-0.8276880623107901,-0.02687593628724221
1381,19,0.15228623033911876,47.0,1.3,1111,3.5,-0.6691788183900854,0.0,0.0,Autumn,No Holiday,Yes,2018,10,13,Saturday,925-1668,0,Low Snowfall,1.00 - 1.60,0.15228623033911867,-0.6691788183900854
735,12,1.7634304063906638,35.0,1.609396604444088,1528,16.5,2.997786726706147,0.0,0.0,Summer,No Holiday,Yes,2018,7,21,Saturday,925-1668,0,Low Snowfall,1.60 - 2.20,1.7634304063906638,2.997786726706147
1317,16,1.2402237925182544,69.0,0.5,880,21.6,0.04319346903306793,0.0,0.0,Summer,No Holiday,Yes,2018,6,30,Saturday,0-925,0,Low Snowfall,0.20 - 1.00,1.2402237925182544,0.043193469033067894
159,1,-1.5086871470336078,56.0,0.9,1973,-12.6,-0.6691788183900854,0.0,0.0,Winter,No Holiday,Yes,2018,2,2,Friday,1668-2000,0,Low Snowfall,0.20 - 1.00,-1.5086871470336078,-0.6691788183900854
19,13,-0.022115974285017652,97.0,0.6,327,12.1,-0.5056835393093616,3.0,0.0,Spring,No Holiday,Yes,2018,5,12,Saturday,0-925,Non-0,Low Snowfall,0.20 - 1.00,-0.022115974285017728,-0.5056835393093616
327,7,-1.5169920139204713,53.0,1.1,1300,-13.4,-0.6691788183900854,0.0,0.0,Winter,No Holiday,Yes,2018,1,5,Friday,925-1668,0,Low Snowfall,1.00 - 1.60,-1.5169920139204713,-0.6691788183900854
2779,19,1.3980162633686635,45.0,1.5,956,16.5,-0.2954753233484312,0.0,0.0,Summer,No Holiday,Yes,2018,6,25,Monday,925-1668,0,Low Snowfall,1.00 - 1.60,1.3980162633686635,-0.29547532334843124
1254,15,-0.1300792438142448,32.0,3.8,2000,-4.7,0.7438875222361695,0.0,0.0,Autumn,No Holiday,Yes,2018,10,27,Saturday,2000 이상,0,Low Snowfall,2.20 - 7.30,-0.13007924381424488,0.7438875222361695
1222,23,0.393127370058164,51.0,1.6502793497156274,2000,7.4,-0.6691788183900854,0.0,0.0,Autumn,No Holiday,Yes,2018,9,27,Thursday,2000 이상,0,Low Snowfall,1.60 - 2.20,0.39312737005816395,-0.6691788183900854
1885,18,0.7170171786458458,37.0,1.0,2000,6.2,-0.38890119710884474,0.0,0.0,Autumn,Holiday,Yes,2018,9,25,Tuesday,2000 이상,0,Low Snowfall,0.20 - 1.00,0.7170171786458457,-0.3889011971088448
2214,17,0.7668463799670274,45.0,2.4,2000,9.6,0.3001146218742052,0.0,0.0,Spring,No Holiday,Yes,2018,5,21,Monday,2000 이상,0,Low Snowfall,2.20 - 7.30,0.7668463799670273,0.3001146218742051
920,16,1.705296338182618,57.0,2.8,989,23.8,1.1409474857179271,0.0,0.0,Summer,No Holiday,Yes,2018,7,26,Thursday,925-1668,0,Low Snowfall,2.20 - 7.30,1.705296338182618,1.1409474857179271
1173,23,0.9412485845911639,71.0,0.8,1549,18.6,-0.6691788183900854,0.0,0.0,Summer,No Holiday,Yes,2018,8,30,Thursday,925-1668,0,Low Snowfall,0.20 - 1.00,0.9412485845911638,-0.6691788183900854
2493,20,1.0326021203466635,31.0,2.5,2000,7.0,-0.5874311788497236,0.0,0.0,Summer,No Holiday,Yes,2018,6,22,Friday,2000 이상,0,Low Snowfall,2.20 - 7.30,1.0326021203466635,-0.5874311788497236
321,10,-0.985480533161199,83.0,0.7,311,-1.4,-0.19037121536796597,0.0,0.7,Winter,No Holiday,Yes,2017,12,7,Thursday,0-925,0,Low Snowfall,0.20 - 1.00,-0.9854805331611991,-0.190371215367966
365,14,-0.8027734616501991,14.0,2.9,1985,-21.7,2.2387015024027868,0.0,0.0,Winter,No Holiday,Yes,2018,2,21,Wednesday,1668-2000,0,Low Snowfall,2.20 - 7.30,-0.8027734616501992,2.2387015024027868
354,16,-0.3377009159858356,60.0,2.7,354,0.9,-0.24876238646822443,0.0,0.0,Winter,No Holiday,Yes,2018,2,23,Friday,0-925,0,Low Snowfall,2.20 - 7.30,-0.3377009159858357,-0.24876238646822446
643,11,-0.4788836530625174,66.0,1.5,542,1.2,0.9774522066372033,0.0,0.0,Autumn,No Holiday,Yes,2018,11,26,Monday,0-925,0,Low Snowfall,1.00 - 1.60,-0.47888365306251746,0.9774522066372033
48,23,-0.5785420557048809,79.0,2.0,918,2.6,-0.6691788183900854,0.0,0.0,Spring,No Holiday,Yes,2018,3,7,Wednesday,0-925,0,Low Snowfall,1.60 - 2.20,-0.578542055704881,-0.6691788183900854
142,16,0.7917609806276183,86.0,2.5,342,20.0,-0.1203018100476558,0.0,0.0,Autumn,No Holiday,Yes,2018,9,16,Sunday,0-925,0,Low Snowfall,2.20 - 7.30,0.7917609806276182,-0.12030181004765585
489,1,-0.4705787861756538,64.0,0.3,1150,0.9,-0.6691788183900854,0.0,0.0,Autumn,No Holiday,Yes,2018,11,15,Thursday,925-1668,0,Low Snowfall,0.20 - 1.00,-0.47057878617565385,-0.6691788183900854
189,20,-1.251236273540835,41.0,1.1,1578,-13.6,-0.6691788183900854,0.0,0.0,Winter,No Holiday,Yes,2018,1,6,Saturday,925-1668,0,Low Snowfall,1.00 - 1.60,-1.251236273540835,-0.6691788183900854
1003,0,1.1156507892153,76.0,1.2,2000,21.8,-0.6691788183900854,0.0,0.0,Summer,No Holiday,Yes,2018,7,17,Tuesday,2000 이상,0,Low Snowfall,1.00 - 1.60,1.1156507892153,-0.6691788183900854
1039,19,-0.5785420557048809,24.0,3.0,1861,-13.0,-0.6691788183900854,0.0,0.0,Autumn,No Holiday,Yes,2018,11,28,Wednesday,1668-2000,0,Low Snowfall,2.20 - 7.30,-0.578542055704881,-0.6691788183900854
1105,16,1.2651383931788454,71.0,1.7,2000,22.4,0.45193166673487717,0.0,0.0,Summer,No Holiday,Yes,2018,7,5,Thursday,2000 이상,0,Low Snowfall,1.60 - 2.20,1.2651383931788454,0.4519316667348771
0,7,0.1273716296785278,62.0,1.5,2000,7.2,-0.6341441157299302,0.0,0.0,Autumn,No Holiday,No,2018,9,28,Friday,2000 이상,0,Low Snowfall,1.00 - 1.60,0.12737162967852772,-0.6341441157299302
0,14,0.368212769397573,50.0,1.6503712838963651,336,6.8,1.1059127830577722,0.0,0.0,Autumn,No Holiday,No,2018,11,6,Tuesday,0-925,0,Low Snowfall,1.60 - 2.20,0.36821276939757297,1.1059127830577722
499,11,1.7302109388432088,45.0,1.9,1928,20.2,2.530657357904079,0.0,0.0,Summer,No Holiday,Yes,2018,7,22,Sunday,1668-2000,0,Low Snowfall,1.60 - 2.20,1.7302109388432088,2.530657357904079
491,6,-0.23804251334347207,71.0,0.2,1474,5.0,-0.6691788183900854,0.0,0.0,Autumn,No Holiday,Yes,2018,10,16,Tuesday,925-1668,0,Low Snowfall,,-0.23804251334347215,-0.6691788183900854
182,14,-1.2761508742014263,30.0,3.4,1824,-17.6,1.7598938993806672,0.0,0.0,Winter,No Holiday,Yes,2018,2,12,Monday,1668-2000,0,Low Snowfall,2.20 - 7.30,-1.2761508742014263,1.7598938993806672
1781,21,0.5924441753428913,54.0,1.2,2000,10.4,-0.6691788183900854,0.0,0.0,Autumn,No Holiday,Yes,2018,9,29,Saturday,2000 이상,0,Low Snowfall,1.00 - 1.60,0.5924441753428912,-0.6691788183900854
799,8,0.6837977110983912,59.0,1.2,794,12.8,0.6504616484757559,0.0,0.0,Summer,Holiday,Yes,2018,6,6,Wednesday,0-925,0,Low Snowfall,1.00 - 1.60,0.683797711098391,0.6504616484757559
1155,22,0.04432296080989147,87.0,2.2,433,11.3,-0.6691788183900854,0.0,0.0,Spring,No Holiday,Yes,2018,5,13,Sunday,0-925,0,Low Snowfall,1.60 - 2.20,0.04432296080989139,-0.6691788183900854
355,1,0.27685923364207327,68.0,2.1,1859,10.3,-0.6691788183900854,0.0,0.0,Spring,No Holiday,Yes,2018,3,15,Thursday,1668-2000,0,Low Snowfall,1.60 - 2.20,0.2768592336420732,-0.6691788183900854
767,23,-0.06364030871933582,57.0,1.6653209842713337,2000,3.9,-0.6691788183900854,0.0,0.0,Spring,No Holiday,Yes,2018,5,8,Tuesday,2000 이상,0,Low Snowfall,1.60 - 2.20,-0.0636403087193359,-0.6691788183900854
32,21,0.2934689674158004,96.0,2.2,963,15.8,-0.6691788183900854,1.5,0.0,Autumn,No Holiday,Yes,2018,10,5,Friday,925-1668,Non-0,Low Snowfall,1.60 - 2.20,0.29346896741580036,-0.6691788183900854
22,5,-0.6865053252341081,89.0,2.3,1242,3.0,-0.6691788183900854,0.0,0.0,Spring,No Holiday,Yes,2018,3,5,Monday,925-1668,0,Low Snowfall,2.20 - 7.30,-0.6865053252341082,-0.6691788183900854
2256,18,1.1073459223284365,55.0,3.2,1119,16.5,0.07822817169322303,0.0,0.0,Summer,No Holiday,Yes,2018,6,23,Saturday,925-1668,0,Low Snowfall,2.20 - 7.30,1.1073459223284365,0.07822817169322299
194,11,-1.2927606079751535,33.0,1.5,1830,-16.6,0.44025343251482546,0.0,1.4,Winter,No Holiday,Yes,2018,2,1,Thursday,1668-2000,0,Low Snowfall,1.00 - 1.60,-1.2927606079751535,0.4402534325148254
524,2,0.5758344415691639,64.0,1.5,1755,12.8,-0.6691788183900854,0.0,0.0,Autumn,No Holiday,Yes,2018,9,20,Thursday,1668-2000,0,Low Snowfall,1.00 - 1.60,0.5758344415691637,-0.6691788183900854
1192,12,0.5343101071348457,20.0,1.1,1663,-4.1,2.9277173213858365,0.0,0.0,Spring,No Holiday,Yes,2018,4,25,Wednesday,925-1668,0,Low Snowfall,1.00 - 1.60,0.5343101071348456,2.9277173213858365
1157,23,1.414625997142391,58.0,1.6,2000,20.8,-0.6691788183900854,0.0,0.0,Summer,No Holiday,Yes,2018,7,23,Monday,2000 이상,0,Low Snowfall,1.00 - 1.60,1.414625997142391,-0.6691788183900854
716,9,0.16059109722598236,39.0,0.9,1354,1.0,1.152625719937979,0.0,0.0,Spring,No Holiday,Yes,2018,4,29,Sunday,925-1668,0,Low Snowfall,0.20 - 1.00,0.16059109722598228,1.152625719937979
186,22,-1.6498698841102897,39.0,1.6,2000,-18.5,-0.6691788183900854,0.0,0.0,Winter,No Holiday,Yes,2018,1,12,Friday,2000 이상,0,Low Snowfall,1.00 - 1.60,-1.6498698841102897,-0.6691788183900854
762,9,0.5426149740217094,43.0,1.5,1548,0.0,0.5220010720551874,0.0,0.0,Spring,No Holiday,Yes,2018,5,27,Sunday,925-1668,0,Low Snowfall,1.00 - 1.60,0.5426149740217093,0.5220010720551874
1234,9,0.5675295746823004,49.0,1.9,2000,8.7,0.7789222248963247,0.0,0.0,Autumn,No Holiday,Yes,2018,9,11,Tuesday,2000 이상,0,Low Snowfall,1.60 - 2.20,0.5675295746823003,0.7789222248963247
2320,19,1.3980162633686635,68.0,2.6,1749,23.2,0.2767581534341019,0.0,0.0,Summer,No Holiday,Yes,2018,7,13,Friday,1668-2000,0,Low Snowfall,2.20 - 7.30,1.3980162633686635,0.2767581534341018
1442,16,1.3564919289343453,41.0,2.0,905,14.6,1.6080768545199948,0.0,0.0,Summer,No Holiday,Yes,2018,6,7,Thursday,0-925,0,Low Snowfall,1.60 - 2.20,1.3564919289343453,1.6080768545199948
99,0,-1.3758092768437897,33.0,1.6531809354199865,2000,-17.5,-0.6691788183900854,0.0,0.0,Winter,No Holiday,Yes,2018,2,18,Sunday,2000 이상,0,Low Snowfall,1.60 - 2.20,-1.3758092768437897,-0.6691788183900854
421,1,-0.4539690524019264,36.0,1.0,1994,-5.3,-0.6691788183900854,0.0,0.0,Spring,No Holiday,Yes,2018,4,17,Tuesday,1668-2000,0,Low Snowfall,0.20 - 1.00,-0.4539690524019265,-0.6691788183900854
1979,15,1.0824313216678456,51.0,2.6,598,16.2,2.133597394422321,0.0,0.0,Summer,No Holiday,Yes,2018,6,17,Sunday,0-925,0,Low Snowfall,2.20 - 7.30,1.0824313216678456,2.133597394422321
402,7,1.0159923865729363,80.0,0.2,1551,21.4,-0.4589706024291549,0.0,0.0,Summer,No Holiday,Yes,2018,7,15,Sunday,925-1668,0,Low Snowfall,,1.0159923865729363,-0.45897060242915494
3123,18,0.7253220455327093,40.0,3.5,1987,7.4,0.7088528195760144,0.0,0.0,Spring,No Holiday,Yes,2018,5,23,Wednesday,1668-2000,0,Low Snowfall,2.20 - 7.30,0.7253220455327092,0.7088528195760144
173,4,1.231918925631391,69.0,0.9,2000,21.5,-0.6691788183900854,0.0,0.0,Summer,No Holiday,Yes,2018,8,16,Thursday,2000 이상,0,Low Snowfall,0.20 - 1.00,1.231918925631391,-0.6691788183900854
1112,16,1.7219060719563457,26.0,1.5,2000,11.5,2.12191916020227,0.0,0.0,Summer,No Holiday,Yes,2018,8,17,Friday,2000 이상,0,Low Snowfall,1.00 - 1.60,1.7219060719563457,2.12191916020227
193,23,-0.9688707993874717,92.0,0.6,209,0.1,-0.6691788183900854,0.0,1.0,Winter,No Holiday,Yes,2017,12,6,Wednesday,0-925,0,Low Snowfall,0.20 - 1.00,-0.9688707993874718,-0.6691788183900854
163,15,0.6754928442115277,72.0,2.7,663,15.8,-0.3071535575684829,0.1,0.0,Spring,Holiday,Yes,2018,5,22,Tuesday,0-925,Non-0,Low Snowfall,2.20 - 7.30,0.6754928442115276,-0.30715355756848295
615,10,1.5558087342190725,57.0,1.3,1875,22.1,0.7906004591163763,0.0,0.0,Summer,No Holiday,Yes,2018,8,14,Tuesday,1668-2000,0,Low Snowfall,1.00 - 1.60,1.5558087342190725,0.7906004591163763
206,4,-0.27956684777779023,71.0,0.9,1516,3.8,-0.6691788183900854,0.0,0.0,Autumn,No Holiday,Yes,2018,10,21,Sunday,925-1668,0,Low Snowfall,0.20 - 1.00,-0.2795668477777903,-0.6691788183900854
713,1,0.05262782769675522,43.0,1.2,2000,2.2,-0.6691788183900854,0.0,0.0,Spring,No Holiday,Yes,2018,5,20,Sunday,2000 이상,0,Low Snowfall,1.00 - 1.60,0.05262782769675514,-0.6691788183900854
0,20,0.05262782769675507,82.0,2.1,520,10.5,-0.645822349949982,0.0,0.0,Spring,No Holiday,No,2018,5,10,Thursday,0-925,0,Low Snowfall,1.60 - 2.20,0.052627827696754996,-0.645822349949982
78,6,-1.433943345051835,70.0,2.0793268159711964,1169,-8.9,-0.6691788183900854,0.0,2.6,Winter,No Holiday,Yes,2017,12,19,Tuesday,925-1668,0,High Snowfall,1.60 - 2.20,-1.433943345051835,-0.6691788183900854
934,23,0.368212769397573,46.0,2.1,2000,5.6,-0.6691788183900854,0.0,0.0,Autumn,No Holiday,Yes,2018,9,26,Wednesday,2000 이상,0,Low Snowfall,1.60 - 2.20,0.36821276939757297,-0.6691788183900854
67,7,-1.6664796178840169,58.0,4.0,1942,-15.5,-0.6691788183900854,0.0,0.3,Winter,No Holiday,Yes,2018,2,3,Saturday,1668-2000,0,Low Snowfall,2.20 - 7.30,-1.6664796178840169,-0.6691788183900854
359,10,-0.37922525042015376,65.0,2.06500702113105,229,2.1,1.2810862963585476,0.0,0.0,Spring,No Holiday,Yes,2018,3,25,Sunday,0-925,0,Low Snowfall,1.60 - 2.20,-0.3792252504201538,1.2810862963585476
2650,19,0.6837977110983912,52.0,3.6,1856,10.9,-0.02687593628724217,0.0,0.0,Spring,No Holiday,Yes,2018,5,30,Wednesday,1668-2000,0,Low Snowfall,2.20 - 7.30,0.683797711098391,-0.02687593628724221
358,12,-0.1882133120222903,85.0,0.9,393,8.2,-0.06191063894739728,0.0,0.0,Spring,No Holiday,Yes,2018,3,4,Sunday,0-925,0,Low Snowfall,0.20 - 1.00,-0.18821331202229039,-0.06191063894739732
2826,18,1.0575167210072547,57.0,1.5,2000,16.5,-0.38890119710884474,0.0,0.0,Autumn,No Holiday,Yes,2018,9,14,Friday,2000 이상,0,Low Snowfall,1.00 - 1.60,1.0575167210072547,-0.3889011971088448
653,9,-0.8692123967451081,67.0,1.3,1472,-3.0,0.6271051800356527,0.0,0.0,Spring,No Holiday,Yes,2018,3,22,Thursday,925-1668,0,Low Snowfall,1.00 - 1.60,-0.8692123967451082,0.6271051800356527
443,22,-0.8526026629713808,40.0,1.0,1089,-9.5,-0.6691788183900854,0.0,0.0,Winter,No Holiday,Yes,2018,2,26,Monday,925-1668,0,Low Snowfall,0.20 - 1.00,-0.8526026629713809,-0.6691788183900854
780,8,-1.6581747509971532,59.0,1.803531782011187,1559,-13.6,-0.6575005841700337,0.0,0.0,Winter,No Holiday,Yes,2017,12,8,Friday,925-1668,0,Low Snowfall,1.60 - 2.20,-1.6581747509971532,-0.6575005841700337
561,10,-0.5785420557048809,43.0,1.0,1829,-5.6,1.304442764798651,0.0,0.0,Spring,No Holiday,Yes,2018,3,17,Saturday,1668-2000,0,Low Snowfall,0.20 - 1.00,-0.578542055704881,1.304442764798651
443,15,-0.36261551664642655,64.0,1.5,269,2.1,-0.0035194678471388912,0.0,0.0,Winter,No Holiday,Yes,2017,12,23,Saturday,0-925,0,Low Snowfall,1.00 - 1.60,-0.3626155166464266,-0.0035194678471389277
853,0,1.3398821951606184,77.0,2.1,1465,24.6,-0.6691788183900854,0.0,0.0,Summer,No Holiday,Yes,2018,8,8,Wednesday,925-1668,0,Low Snowfall,1.60 - 2.20,1.3398821951606184,-0.6691788183900854
912,22,0.08584729524420963,81.0,2.8,933,10.2,-0.6691788183900854,0.0,0.0,Spring,No Holiday,Yes,2018,3,13,Tuesday,925-1668,0,Low Snowfall,2.20 - 7.30,0.08584729524420955,-0.6691788183900854
2602,19,1.1737848574233456,64.0,1.1,829,19.6,-0.3421882602286379,0.0,0.0,Summer,No Holiday,Yes,2018,6,29,Friday,0-925,0,Low Snowfall,1.00 - 1.60,1.1737848574233456,-0.34218826022863796
1999,20,1.3481870620474816,61.0,1.4031030716374795,1525,21.4,-0.6691788183900854,0.0,0.0,Summer,No Holiday,Yes,2018,8,20,Monday,925-1668,0,Low Snowfall,1.00 - 1.60,1.3481870620474816,-0.6691788183900854
944,11,0.982772919025482,36.0,1.8,973,8.7,2.4839444210238724,0.0,0.0,Spring,No Holiday,Yes,2018,5,15,Tuesday,925-1668,0,Low Snowfall,1.60 - 2.20,0.9827729190254819,2.4839444210238724
381,9,-0.8526026629713808,71.0,1.3,418,-2.0,-0.3188317917885346,0.0,0.0,Spring,No Holiday,Yes,2018,3,10,Saturday,0-925,0,Low Snowfall,1.00 - 1.60,-0.8526026629713809,-0.31883179178853466
2087,19,1.8464790752593,41.0,0.5,2000,19.9,-0.3071535575684829,0.0,0.0,Summer,No Holiday,Yes,2018,8,22,Wednesday,2000 이상,0,Low Snowfall,0.20 - 1.00,1.8464790752593,-0.30715355756848295
605,15,1.9627472116753908,44.0,1.5,1771,22.3,0.6504616484757559,0.0,0.0,Summer,No Holiday,Yes,2018,8,2,Thursday,1668-2000,0,Low Snowfall,1.00 - 1.60,1.9627472116753908,0.6504616484757559
78,22,-1.7744428874132439,45.0,1.3,2000,-19.4,-0.6691788183900854,0.0,0.0,Winter,No Holiday,Yes,2018,2,4,Sunday,2000 이상,0,Low Snowfall,1.00 - 1.60,-1.7744428874132439,-0.6691788183900854
2635,18,0.41804197071875493,66.0,2.3,554,11.5,-0.5523964761895684,0.0,0.0,Autumn,No Holiday,Yes,2018,10,15,Monday,0-925,0,Low Snowfall,2.20 - 7.30,0.4180419707187549,-0.5523964761895684
556,8,-0.4539690524019265,72.0,1.4647115316671608,697,2.7,-0.27211885490832777,0.0,0.0,Autumn,No Holiday,Yes,2018,10,14,Sunday,0-925,0,Low Snowfall,1.00 - 1.60,-0.45396905240192653,-0.2721188549083278
571,14,1.7468206726169364,59.0,3.2,1180,24.8,1.6431115571801502,0.0,0.0,Summer,No Holiday,Yes,2018,8,6,Monday,925-1668,0,Low Snowfall,2.20 - 7.30,1.7468206726169364,1.6431115571801502
1685,19,0.08584729524420963,70.0,1.7584670018832202,1265,8.6,-0.6691788183900854,0.0,0.0,Autumn,No Holiday,Yes,2018,10,23,Tuesday,925-1668,0,Low Snowfall,1.60 - 2.20,0.08584729524420955,-0.6691788183900854
191,10,-1.0685292020298354,53.0,5.3,1022,-8.3,0.6387834142557045,0.0,0.0,Spring,Holiday,Yes,2018,3,1,Thursday,925-1668,0,Low Snowfall,2.20 - 7.30,-1.0685292020298354,0.6387834142557045
270,19,-1.259541140427699,36.0,2.2,2000,-15.2,-0.6691788183900854,0.0,1.6,Winter,No Holiday,Yes,2018,1,31,Wednesday,2000 이상,0,Low Snowfall,1.60 - 2.20,-1.259541140427699,-0.6691788183900854
43,7,-1.6166504165628348,68.0,1.8671309042210422,571,-11.4,-0.6691788183900854,0.0,0.0,Winter,No Holiday,Yes,2018,1,13,Saturday,0-925,0,Low Snowfall,1.60 - 2.20,-1.6166504165628348,-0.6691788183900854
29,4,-1.525296880807335,81.0,0.7,270,-8.1,-0.6691788183900854,0.0,0.7,Winter,No Holiday,Yes,2017,12,18,Monday,0-925,0,Low Snowfall,0.20 - 1.00,-1.525296880807335,-0.6691788183900854
213,10,-1.5419066145810623,38.0,2.9,1752,-17.6,-0.02687593628724217,0.0,0.0,Winter,No Holiday,Yes,2018,1,3,Wednesday,1668-2000,0,Low Snowfall,2.20 - 7.30,-1.5419066145810623,-0.02687593628724221
0,18,0.9163339839305729,55.0,2.2,1691,14.3,-0.529040007749465,0.0,0.0,Autumn,No Holiday,No,2018,9,19,Wednesday,1668-2000,0,Low Snowfall,1.60 - 2.20,0.9163339839305727,-0.529040007749465
426,20,-1.1017486695772898,79.0,1.5,1913,-3.5,-0.6691788183900854,0.0,0.0,Winter,No Holiday,Yes,2017,12,1,Friday,1668-2000,0,Low Snowfall,1.00 - 1.60,-1.1017486695772898,-0.6691788183900854
834,16,1.821564474598709,51.0,2.0,1221,23.2,0.21836698233384336,0.0,0.0,Summer,No Holiday,Yes,2018,7,24,Tuesday,925-1668,0,Low Snowfall,1.60 - 2.20,1.821564474598709,0.21836698233384333
240,4,0.6422733766640729,69.0,1.3,2000,14.8,-0.6691788183900854,0.0,0.0,Autumn,No Holiday,Yes,2018,9,13,Thursday,2000 이상,0,Low Snowfall,1.00 - 1.60,0.6422733766640728,-0.6691788183900854
272,13,-0.82768806231079,52.0,1.4,568,-5.9,0.3818622614145671,0.0,0.0,Winter,No Holiday,Yes,2018,1,14,Sunday,0-925,0,Low Snowfall,1.00 - 1.60,-0.8276880623107901,0.38186226141456703
606,13,-0.5785420557048809,36.0,1.8,1780,-7.9,0.6387834142557045,0.0,0.0,Winter,No Holiday,Yes,2017,12,2,Saturday,1668-2000,0,Low Snowfall,1.60 - 2.20,-0.578542055704881,0.6387834142557045
2419,18,1.7385158057300725,42.0,2.0,1969,19.1,0.7906004591163763,0.0,0.0,Summer,No Holiday,Yes,2018,7,20,Friday,1668-2000,0,Low Snowfall,1.60 - 2.20,1.7385158057300725,0.7906004591163763
39,6,-1.2927606079751535,38.0,1.0,2000,-15.0,-0.6691788183900854,0.0,0.0,Winter,Holiday,Yes,2018,2,15,Thursday,2000 이상,0,Low Snowfall,0.20 - 1.00,-1.2927606079751535,-0.6691788183900854
554,2,0.5010906395873913,72.0,1.4,1258,13.8,-0.6691788183900854,0.0,0.0,Summer,No Holiday,Yes,2018,6,1,Friday,925-1668,0,Low Snowfall,1.00 - 1.60,0.5010906395873912,-0.6691788183900854
108,2,-1.7246136860920622,68.0,0.9,1642,-12.6,-0.6691788183900854,0.0,2.0,Winter,No Holiday,Yes,2017,12,20,Wednesday,925-1668,0,High Snowfall,0.20 - 1.00,-1.7246136860920622,-0.6691788183900854
691,1,0.5509198409085732,56.0,1.2,2000,10.5,-0.6691788183900854,0.0,0.0,Autumn,No Holiday,Yes,2018,9,12,Wednesday,2000 이상,0,Low Snowfall,1.00 - 1.60,0.550919840908573,-0.6691788183900854
576,23,-0.7363345265552901,46.0,1.8,2000,-6.5,-0.6691788183900854,0.0,0.0,Autumn,No Holiday,Yes,2018,11,17,Saturday,2000 이상,0,Low Snowfall,1.60 - 2.20,-0.7363345265552902,-0.6691788183900854
149,9,-2.5301857741178346,37.0,3.8,1941,-28.7,-0.42393589976899987,0.0,0.5,Winter,No Holiday,Yes,2018,1,26,Friday,1668-2000,0,Low Snowfall,2.20 - 7.30,-2.5301857741178346,-0.4239358997689999
96,1,-2.098332696000926,47.0,1.9,1837,-21.3,-0.6691788183900854,0.0,0.0,Winter,No Holiday,Yes,2018,2,7,Wednesday,1668-2000,0,Low Snowfall,1.60 - 2.20,-2.098332696000926,-0.6691788183900854
1934,18,1.1903945911970728,42.0,1.6092196723121468,2000,13.2,-0.4472923682091032,0.0,0.0,Summer,No Holiday,Yes,2018,6,9,Saturday,2000 이상,0,Low Snowfall,1.60 - 2.20,1.1903945911970728,-0.44729236820910323
708,2,0.8249804481750728,82.0,2.1,1829,19.6,-0.6691788183900854,0.0,0.0,Summer,No Holiday,Yes,2018,8,25,Saturday,1668-2000,0,Low Snowfall,1.60 - 2.20,0.8249804481750727,-0.6691788183900854
294,4,0.393127370058164,65.0,1.6295571876321067,1093,10.7,-0.6691788183900854,0.0,0.0,Summer,No Holiday,Yes,2018,6,3,Sunday,925-1668,0,Low Snowfall,1.60 - 2.20,0.39312737005816395,-0.6691788183900854
486,1,0.6921025779852549,97.0,1.6386893196143308,570,20.7,-0.6691788183900854,0.0,0.0,Autumn,No Holiday,Yes,2018,9,4,Tuesday,0-925,0,Low Snowfall,1.60 - 2.20,0.6921025779852548,-0.6691788183900854
47,9,0.43465170449248214,96.0,1.3,1251,17.5,-0.42393589976899987,1.0,0.0,Autumn,No Holiday,Yes,2018,9,21,Friday,925-1668,Non-0,Low Snowfall,1.00 - 1.60,0.4346517044924821,-0.4239358997689999
112,5,-0.5287128543836992,73.0,0.3,1219,2.0,-0.6691788183900854,0.0,0.0,Autumn,No Holiday,Yes,2018,11,4,Sunday,925-1668,0,Low Snowfall,0.20 - 1.00,-0.5287128543836993,-0.6691788183900854
1134,12,0.8914193832699819,44.0,1.3,1624,10.7,3.067856132026457,0.0,0.0,Spring,No Holiday,Yes,2018,5,31,Thursday,925-1668,0,Low Snowfall,1.00 - 1.60,0.8914193832699818,3.067856132026457
1975,8,-0.42074958485447195,80.0,0.8,515,3.9,-0.5173617735294134,0.0,0.0,Autumn,No Holiday,Yes,2018,11,5,Monday,0-925,0,Low Snowfall,0.20 - 1.00,-0.420749584854472,-0.5173617735294134
567,14,-0.3127863153252448,27.0,2.9,1880,-8.8,2.0401715206619078,0.0,0.0,Spring,No Holiday,Yes,2018,3,6,Tuesday,1668-2000,0,Low Snowfall,2.20 - 7.30,-0.31278631532524487,2.0401715206619078
699,9,-0.11346951004051758,51.0,0.8,498,1.7,0.3117928560942569,0.0,0.0,Spring,No Holiday,Yes,2018,3,27,Tuesday,0-925,0,Low Snowfall,0.20 - 1.00,-0.11346951004051767,0.31179285609425683
754,14,1.5391990004453455,53.0,1.7,1357,22.1,1.3511557016788578,0.0,0.0,Summer,No Holiday,Yes,2018,7,25,Wednesday,925-1668,0,Low Snowfall,1.60 - 2.20,1.5391990004453455,1.3511557016788578
663,12,1.713601205069482,48.0,1.6,2000,21.0,1.5380074491996845,0.0,0.0,Summer,No Holiday,Yes,2018,7,30,Monday,2000 이상,0,Low Snowfall,1.00 - 1.60,1.713601205069482,1.5380074491996845
645,19,-0.37922525042015376,85.0,1.2,2000,6.0,-0.6691788183900854,0.0,0.0,Autumn,No Holiday,Yes,2018,10,28,Sunday,2000 이상,0,Low Snowfall,1.00 - 1.60,-0.3792252504201538,-0.6691788183900854
267,12,-1.6166504165628348,30.0,2.9,1945,-21.2,0.6971745853559628,0.0,0.0,Winter,No Holiday,Yes,2017,12,13,Wednesday,1668-2000,0,Low Snowfall,2.20 - 7.30,-1.6166504165628348,0.6971745853559628
504,13,0.2519446329814823,47.0,2.5,459,4.6,2.600726763224389,0.0,0.0,Spring,No Holiday,Yes,2018,3,26,Monday,0-925,0,Low Snowfall,2.20 - 7.30,0.25194463298148223,2.600726763224389
1222,13,0.49278577270052754,30.0,3.8,1854,0.9,3.289742582207439,0.0,0.0,Spring,No Holiday,Yes,2018,5,4,Friday,1668-2000,0,Low Snowfall,2.20 - 7.30,0.4927857727005275,3.289742582207439
703,13,1.713601205069482,54.0,3.7,1754,23.0,2.3204491419431483,0.0,0.0,Summer,No Holiday,Yes,2018,8,4,Saturday,1668-2000,0,Low Snowfall,2.20 - 7.30,1.713601205069482,2.3204491419431483
2115,21,1.1073459223284365,81.0,0.8,1910,22.7,-0.6691788183900854,0.0,0.0,Summer,No Holiday,Yes,2018,7,12,Thursday,1668-2000,0,Low Snowfall,0.20 - 1.00,1.1073459223284365,-0.6691788183900854
905,23,-0.05533544183247206,51.0,1.0,1648,2.4,-0.6691788183900854,0.0,0.0,Spring,No Holiday,Yes,2018,4,28,Saturday,925-1668,0,Low Snowfall,0.20 - 1.00,-0.05533544183247214,-0.6691788183900854
294,23,-0.28787171466465383,90.0,3.6,1017,7.9,-0.6691788183900854,1.0,0.0,Spring,No Holiday,Yes,2018,5,2,Wednesday,925-1668,Non-0,Low Snowfall,2.20 - 7.30,-0.2878717146646539,-0.6691788183900854
133,0,-1.9903694264716985,51.0,1.1,2000,-19.1,-0.6691788183900854,0.0,0.0,Winter,No Holiday,Yes,2017,12,12,Tuesday,2000 이상,0,Low Snowfall,1.00 - 1.60,-1.9903694264716985,-0.6691788183900854
296,13,-0.8442977960845173,31.0,4.0,967,-12.6,0.9891304408572551,0.0,0.0,Winter,No Holiday,Yes,2018,2,10,Saturday,925-1668,0,Low Snowfall,2.20 - 7.30,-0.8442977960845174,0.9891304408572551
1268,19,0.18550569788657317,60.0,3.2,1081,7.4,-0.5640747104096202,0.0,0.0,Spring,No Holiday,Yes,2018,3,30,Friday,925-1668,0,Low Snowfall,2.20 - 7.30,0.1855056978865731,-0.5640747104096202
35,7,-1.641565017223426,32.0,1.6,2000,-20.7,-0.6691788183900854,0.0,0.0,Winter,Holiday,Yes,2018,2,17,Saturday,2000 이상,0,Low Snowfall,1.00 - 1.60,-1.641565017223426,-0.6691788183900854
742,10,0.5426149740217094,54.0,1.1,451,9.9,1.526329214979633,0.0,0.0,Spring,No Holiday,Yes,2018,4,30,Monday,0-925,0,Low Snowfall,1.00 - 1.60,0.5426149740217093,1.526329214979633
631,20,-0.15499384447483575,51.0,3.7,1957,1.3,-0.6691788183900854,0.0,0.0,Spring,No Holiday,Yes,2018,3,3,Saturday,1668-2000,0,Low Snowfall,2.20 - 7.30,-0.15499384447483583,-0.6691788183900854
941,14,0.5260052402479822,79.0,3.6,2000,15.5,0.9190610355369451,0.0,0.0,Autumn,No Holiday,Yes,2018,10,6,Saturday,2000 이상,0,Low Snowfall,2.20 - 7.30,0.5260052402479821,0.9190610355369451
499,22,-0.7529442603290173,68.0,3.0,737,-1.4,-0.6691788183900854,0.0,0.0,Spring,No Holiday,Yes,2018,4,6,Friday,0-925,0,Low Snowfall,2.20 - 7.30,-0.7529442603290174,-0.6691788183900854
79,3,-1.3176752086357444,89.0,1.3,288,-4.4,-0.6691788183900854,0.0,2.2,Winter,No Holiday,Yes,2017,12,21,Thursday,0-925,0,High Snowfall,1.00 - 1.60,-1.3176752086357444,-0.6691788183900854
62,1,-1.774442887413244,47.0,1.3,1934,-19.0,-0.6691788183900854,0.0,0.0,Winter,No Holiday,Yes,2018,1,29,Monday,1668-2000,0,Low Snowfall,1.00 - 1.60,-1.774442887413244,-0.6691788183900854
1252,12,1.0159923865729363,53.0,3.3,976,14.9,3.278064347987387,0.0,0.0,Summer,No Holiday,Yes,2018,6,20,Wednesday,925-1668,0,Low Snowfall,2.20 - 7.30,1.0159923865729363,3.278064347987387
0,3,-0.48718851994938106,67.0,1.8809307623208331,1229,1.3,-0.6691788183900854,0.0,0.0,Autumn,No Holiday,No,2018,11,3,Saturday,925-1668,0,Low Snowfall,1.60 - 2.20,-0.4871885199493811,-0.6691788183900854
444,19,-0.711419925894699,53.0,1.2,538,-4.3,-0.6691788183900854,0.0,0.0,Winter,No Holiday,Yes,2018,1,15,Monday,0-925,0,Low Snowfall,1.00 - 1.60,-0.7114199258946992,-0.6691788183900854
254,20,-1.849186689395017,49.0,1.7224891963837028,2000,-18.0,-0.6691788183900854,0.0,0.0,Winter,No Holiday,Yes,2017,12,11,Monday,2000 이상,0,Low Snowfall,1.60 - 2.20,-1.849186689395017,-0.6691788183900854
397,23,-0.512103120609972,56.0,0.9,497,-1.3,-0.6691788183900854,0.0,0.0,Spring,No Holiday,Yes,2018,3,12,Monday,0-925,0,Low Snowfall,0.20 - 1.00,-0.5121031206099721,-0.6691788183900854
1344,9,0.8748096494962547,51.0,1.6823874769018008,1169,12.7,1.456259809659323,0.0,0.0,Summer,No Holiday,Yes,2018,6,5,Tuesday,925-1668,0,Low Snowfall,1.60 - 2.20,0.8748096494962546,1.456259809659323
403,2,0.5924441753428913,67.0,1.1,2000,13.7,-0.6691788183900854,0.1,0.0,Summer,No Holiday,Yes,2018,6,15,Friday,2000 이상,Non-0,Low Snowfall,1.00 - 1.60,0.5924441753428912,-0.6691788183900854
807,18,-1.251236273540835,29.0,1.5877057353022193,2000,-17.7,-0.6691788183900854,0.0,0.0,Winter,No Holiday,Yes,2017,12,4,Monday,2000 이상,0,Low Snowfall,1.00 - 1.60,-1.251236273540835,-0.6691788183900854
50,4,-1.234626539767108,44.0,0.7,1907,-12.5,-0.6691788183900854,0.0,0.0,Winter,No Holiday,Yes,2018,2,19,Monday,1668-2000,0,Low Snowfall,0.20 - 1.00,-1.234626539767108,-0.6691788183900854
926,0,0.509395506474255,82.0,2.2,874,15.9,-0.6691788183900854,0.0,0.0,Summer,No Holiday,Yes,2018,6,8,Friday,0-925,0,Low Snowfall,1.60 - 2.20,0.5093955064742549,-0.6691788183900854
1458,23,0.7502366461933002,55.0,1.7,2000,12.5,-0.6691788183900854,0.0,0.0,Summer,No Holiday,Yes,2018,7,6,Friday,2000 이상,0,Low Snowfall,1.60 - 2.20,0.7502366461933001,-0.6691788183900854
0,16,0.5010906395873913,39.0,1.4,2000,4.7,0.3701840271945154,0.0,0.0,Autumn,Holiday,No,2018,10,9,Tuesday,2000 이상,0,Low Snowfall,1.00 - 1.60,0.5010906395873912,0.3701840271945153
183,5,-0.5785420557048809,72.0,1.3,2000,1.3,-0.6691788183900854,0.0,0.0,Autumn,No Holiday,Yes,2018,10,12,Friday,2000 이상,0,Low Snowfall,1.00 - 1.60,-0.578542055704881,-0.6691788183900854
2255,18,1.0575167210072547,38.0,1.5,2000,10.3,0.07822817169322303,0.0,0.0,Autumn,No Holiday,Yes,2018,9,8,Saturday,2000 이상,0,Low Snowfall,1.00 - 1.60,1.0575167210072547,0.07822817169322299
195,6,-0.8692123967451081,71.0,1.7500685175274417,1055,-2.2,-0.6691788183900854,0.0,0.0,Spring,No Holiday,Yes,2018,3,9,Friday,925-1668,0,Low Snowfall,1.60 - 2.20,-0.8692123967451082,-0.6691788183900854
299,6,-0.5204079874968356,86.0,0.3,593,4.5,-0.6691788183900854,0.0,0.0,Autumn,No Holiday,Yes,2018,11,21,Wednesday,0-925,0,Low Snowfall,0.20 - 1.00,-0.5204079874968357,-0.6691788183900854
178,5,-0.047030574945608465,60.0,0.8,1563,4.8,-0.6691788183900854,0.0,0.0,Autumn,No Holiday,Yes,2018,10,26,Friday,925-1668,0,Low Snowfall,0.20 - 1.00,-0.04703057494560854,-0.6691788183900854
1690,16,1.3315773282737546,31.0,2.9,889,10.1,1.9701021153415974,0.0,0.0,Spring,No Holiday,Yes,2018,5,26,Saturday,0-925,0,Low Snowfall,2.20 - 7.30,1.3315773282737546,1.9701021153415974
95,4,-0.8193831954239263,88.0,2.035559243563848,270,1.2,-0.6691788183900854,0.0,0.0,Autumn,No Holiday,Yes,2018,11,27,Tuesday,0-925,0,Low Snowfall,1.60 - 2.20,-0.8193831954239265,-0.6691788183900854
80,7,0.509395506474255,98.0,0.3,125,18.7,-0.6691788183900854,0.0,0.0,Spring,No Holiday,Yes,2018,5,17,Thursday,0-925,0,Low Snowfall,0.20 - 1.00,0.5093955064742549,-0.6691788183900854
1751,19,0.3349933018501186,76.0,1.5,2000,12.7,-0.3305100260085863,0.0,0.0,Spring,No Holiday,Yes,2018,5,18,Friday,2000 이상,0,Low Snowfall,1.00 - 1.60,0.33499330185011855,-0.33051002600858637
502,1,-0.12177437692738119,77.0,2.0,593,7.6,-0.6691788183900854,0.0,0.0,Spring,No Holiday,Yes,2018,3,31,Saturday,0-925,0,Low Snowfall,1.60 - 2.20,-0.12177437692738127,-0.6691788183900854
278,11,-0.7446393934421537,57.0,0.8,804,-4.6,0.06654993747317134,0.0,0.0,Winter,Holiday,Yes,2017,12,22,Friday,0-925,0,Low Snowfall,0.20 - 1.00,-0.7446393934421538,0.0665499374731713
72,20,-1.2014070722196535,91.0,1.7,270,-2.7,-0.6691788183900854,0.0,3.3,Winter,No Holiday,Yes,2018,1,30,Tuesday,0-925,0,High Snowfall,1.60 - 2.20,-1.2014070722196535,-0.6691788183900854
796,11,-0.18821331202229016,46.0,2.6,1946,-0.1,1.6314333229600981,0.0,0.0,Autumn,No Holiday,Yes,2018,10,29,Monday,1668-2000,0,Low Snowfall,2.20 - 7.30,-0.18821331202229025,1.6314333229600981
36,3,-1.4422482119386988,37.0,1.4289142974486786,1989,-16.9,-0.6691788183900854,0.0,0.0,Winter,Holiday,Yes,2018,2,16,Friday,1668-2000,0,Low Snowfall,1.00 - 1.60,-1.4422482119386988,-0.6691788183900854
0,9,0.31007870118952763,58.0,1.5933529806966154,1821,8.3,0.7555657564562213,0.0,0.0,Autumn,No Holiday,No,2018,10,4,Thursday,1668-2000,0,Low Snowfall,1.00 - 1.60,0.3100787011895276,0.7555657564562213
266,5,0.982772919025482,86.0,1.6,1170,22.2,-0.6691788183900854,0.0,0.0,Summer,No Holiday,Yes,2018,7,14,Saturday,925-1668,0,Low Snowfall,1.00 - 1.60,0.9827729190254819,-0.6691788183900854
1185,23,0.2685543667552095,50.0,1.6,1327,5.7,-0.6691788183900854,0.0,0.0,Spring,No Holiday,Yes,2018,5,11,Friday,925-1668,0,Low Snowfall,1.00 - 1.60,0.26855436675520944,-0.6691788183900854
157,19,-1.5419066145810623,39.0,1.1,2000,-17.3,-0.6691788183900854,0.0,0.0,Winter,No Holiday,Yes,2017,12,17,Sunday,2000 이상,0,Low Snowfall,1.00 - 1.60,-1.5419066145810623,-0.6691788183900854
897,18,-0.5287128543836992,62.0,0.8,522,-0.1,-0.6107876472898268,0.0,0.0,Winter,No Holiday,Yes,2018,2,27,Tuesday,0-925,0,Low Snowfall,0.20 - 1.00,-0.5287128543836993,-0.6107876472898268
390,16,-1.051919468256108,57.0,2.3,1204,-7.2,-0.4472923682091032,0.0,0.0,Winter,No Holiday,Yes,2017,12,28,Thursday,925-1668,0,Low Snowfall,2.20 - 7.30,-1.051919468256108,-0.44729236820910323
126,14,0.9910777859123455,97.0,0.5,766,24.3,-0.24876238646822443,4.0,0.0,Summer,No Holiday,Yes,2018,8,28,Tuesday,0-925,Non-0,Low Snowfall,0.20 - 1.00,0.9910777859123454,-0.24876238646822446
214,21,-1.8574915562818803,47.0,2.0,2000,-18.6,-0.6691788183900854,0.0,0.0,Winter,No Holiday,Yes,2018,1,10,Wednesday,2000 이상,0,Low Snowfall,1.60 - 2.20,-1.8574915562818803,-0.6691788183900854
1136,23,1.3731016627080728,78.0,1.4,1469,25.2,-0.6691788183900854,0.0,0.0,Summer,No Holiday,Yes,2018,8,7,Tuesday,925-1668,0,Low Snowfall,1.00 - 1.60,1.3731016627080728,-0.6691788183900854
582,10,-0.1716035782485631,62.0,2.1,914,3.3,1.3861904043390125,0.0,0.0,Spring,No Holiday,Yes,2018,4,15,Sunday,0-925,0,Low Snowfall,1.60 - 2.20,-0.17160357824856318,1.3861904043390125
914,11,-0.022115974285017652,50.0,3.3,1999,2.5,1.2110168910382373,0.0,0.0,Autumn,No Holiday,Yes,2018,10,10,Wednesday,1668-2000,0,Low Snowfall,2.20 - 7.30,-0.022115974285017728,1.2110168910382373
310,16,-0.82768806231079,28.0,2.5,1864,-13.7,-0.07358887316744898,0.0,0.0,Winter,Holiday,Yes,2018,1,1,Monday,1668-2000,0,Low Snowfall,2.20 - 7.30,-0.8276880623107901,-0.07358887316744903
690,22,-0.4290544517413356,60.0,1.7170270104121994,1948,-0.2,-0.6691788183900854,0.0,0.0,Autumn,No Holiday,Yes,2018,11,11,Sunday,1668-2000,0,Low Snowfall,1.60 - 2.20,-0.42905445174133566,-0.6691788183900854
1049,0,0.27685923364207327,86.0,0.3,2000,13.9,-0.6691788183900854,0.0,0.0,Autumn,No Holiday,Yes,2018,10,7,Sunday,2000 이상,0,Low Snowfall,0.20 - 1.00,0.2768592336420732,-0.6691788183900854
1603,16,0.7004074448721184,35.0,2.7,1838,5.2,2.1102409259822177,0.0,0.0,Spring,No Holiday,Yes,2018,5,9,Wednesday,1668-2000,0,Low Snowfall,2.20 - 7.30,0.7004074448721183,2.1102409259822177
1872,20,0.6588831104378001,34.0,1.4,2000,4.4,-0.6341441157299302,0.0,0.0,Spring,No Holiday,Yes,2018,5,19,Saturday,2000 이상,0,Low Snowfall,1.00 - 1.60,0.6588831104378,-0.6341441157299302
343,13,-0.6698955914603809,22.0,2.0,1446,-15.0,0.498644603615084,0.0,0.0,Winter,No Holiday,Yes,2018,1,21,Sunday,925-1668,0,Low Snowfall,1.60 - 2.20,-0.669895591460381,0.49864460361508395
1017,16,1.7219060719563457,43.0,2.7,1890,19.3,2.3087709077230967,0.0,0.0,Summer,No Holiday,Yes,2018,7,19,Thursday,1668-2000,0,Low Snowfall,2.20 - 7.30,1.7219060719563457,2.3087709077230967
1471,8,1.5641136011059362,55.0,1.3,1537,21.6,0.24172345077394677,0.0,0.0,Summer,No Holiday,Yes,2018,8,3,Friday,925-1668,0,Low Snowfall,1.00 - 1.60,1.5641136011059362,0.24172345077394675
1206,7,-0.3127863153252448,72.0,1.0,2000,4.4,-0.6575005841700337,0.0,0.0,Autumn,No Holiday,Yes,2018,10,8,Monday,2000 이상,0,Low Snowfall,0.20 - 1.00,-0.31278631532524487,-0.6575005841700337
122,5,0.002798626375573304,70.0,0.5,385,7.6,-0.6691788183900854,0.0,0.0,Spring,No Holiday,Yes,2018,4,21,Saturday,0-925,0,Low Snowfall,0.20 - 1.00,0.002798626375573226,-0.6691788183900854
122,2,-0.09685977626679022,84.0,1.6,1874,9.1,-0.6691788183900854,0.0,0.0,Autumn,No Holiday,Yes,2018,11,8,Thursday,1668-2000,0,Low Snowfall,1.00 - 1.60,-0.0968597762667903,-0.6691788183900854
1118,16,0.21042029854716413,52.0,1.7,2000,5.6,0.14829757701353313,0.0,0.0,Spring,No Holiday,Yes,2018,4,24,Tuesday,2000 이상,0,Low Snowfall,1.60 - 2.20,0.21042029854716404,0.1482975770135331
346,6,0.9744680521386183,85.0,3.8,2000,22.0,-0.6691788183900854,0.0,0.0,Summer,No Holiday,Yes,2018,8,29,Wednesday,2000 이상,0,Low Snowfall,2.20 - 7.30,0.9744680521386182,-0.6691788183900854
3,7,-0.6865053252341081,89.0,1.1,100,3.0,-0.6691788183900854,0.0,0.0,Winter,Holiday,Yes,2017,12,24,Sunday,0-925,0,Low Snowfall,1.00 - 1.60,-0.6865053252341082,-0.6691788183900854
547,10,1.705296338182618,49.0,1.0,1937,21.3,1.7715721336007186,0.0,0.0,Summer,Holiday,Yes,2018,8,15,Wednesday,1668-2000,0,Low Snowfall,0.20 - 1.00,1.705296338182618,1.7715721336007186
677,2,0.5509198409085732,60.0,1.9,1200,11.6,-0.6691788183900854,0.0,0.0,Summer,No Holiday,Yes,2018,6,2,Saturday,925-1668,0,Low Snowfall,1.60 - 2.20,0.550919840908573,-0.6691788183900854
0,16,0.6837977110983912,28.0,3.2,2000,1.9,1.3978686385590646,0.0,0.0,Autumn,No Holiday,No,2018,9,30,Sunday,2000 이상,0,Low Snowfall,2.20 - 7.30,0.683797711098391,1.3978686385590646
1702,20,1.597333068653391,52.0,2.3,2000,21.0,-0.645822349949982,0.0,0.0,Summer,No Holiday,Yes,2018,8,10,Friday,2000 이상,0,Low Snowfall,2.20 - 7.30,1.597333068653391,-0.645822349949982
1534,17,0.5924441753428913,27.0,1.9,1088,0.4,0.9424175039770483,0.0,0.0,Spring,No Holiday,Yes,2018,4,19,Thursday,925-1668,0,Low Snowfall,1.60 - 2.20,0.5924441753428912,0.9424175039770483
484,9,0.982772919025482,85.0,1.7,2000,22.0,-0.2954753233484312,0.0,0.0,Summer,No Holiday,Yes,2018,8,24,Friday,2000 이상,0,Low Snowfall,1.60 - 2.20,0.9827729190254819,-0.29547532334843124
1447,18,1.464455198463573,55.0,2.3,2000,20.5,-0.5407182419695168,0.0,0.0,Summer,No Holiday,Yes,2018,8,23,Thursday,2000 이상,0,Low Snowfall,2.20 - 7.30,1.464455198463573,-0.5407182419695168
225,1,-0.8609075298582445,67.0,2.7,1053,-2.9,-0.6691788183900854,0.0,0.0,Spring,No Holiday,Yes,2018,4,7,Saturday,925-1668,0,Low Snowfall,2.20 - 7.30,-0.8609075298582446,-0.6691788183900854
466,2,0.6007490422297548,56.0,2.3,1498,0.0,-0.6691788183900854,0.0,0.0,Spring,No Holiday,Yes,2018,5,29,Tuesday,925-1668,0,Low Snowfall,2.20 - 7.30,0.6007490422297547,-0.6691788183900854
0,8,0.4761760389268003,73.0,0.9,1501,13.7,-0.27211885490832777,0.0,0.0,Autumn,No Holiday,No,2018,9,18,Tuesday,925-1668,0,Low Snowfall,0.20 - 1.00,0.47617603892680027,-0.2721188549083278
144,4,0.3765176362844368,84.0,0.8,2000,14.7,-0.6691788183900854,0.0,0.0,Summer,No Holiday,Yes,2018,6,12,Tuesday,2000 이상,0,Low Snowfall,0.20 - 1.00,0.37651763628443674,-0.6691788183900854
1184,17,2.0790153480914815,36.0,1.3,1989,20.3,1.7015027282804085,0.0,0.0,Summer,No Holiday,Yes,2018,7,31,Tuesday,1668-2000,0,Low Snowfall,1.00 - 1.60,2.0790153480914815,1.7015027282804085
915,14,0.027713227036164263,53.0,2.6,761,3.9,0.8957045670968417,0.0,0.0,Autumn,No Holiday,Yes,2018,11,16,Friday,0-925,0,Low Snowfall,2.20 - 7.30,0.027713227036164186,0.8957045670968417
402,1,0.07754242835734602,57.0,2.0,2000,5.5,-0.6691788183900854,0.0,0.0,Autumn,No Holiday,Yes,2018,10,1,Monday,2000 이상,0,Low Snowfall,1.60 - 2.20,0.07754242835734594,-0.6691788183900854
1249,15,1.0409069872335275,43.0,2.9,1996,11.9,1.3277992332387543,0.0,0.0,Summer,No Holiday,Yes,2018,6,4,Monday,1668-2000,0,Low Snowfall,2.20 - 7.30,1.0409069872335275,1.3277992332387543
249,3,0.143981363452255,82.0,0.8,1822,11.6,-0.6691788183900854,0.0,0.0,Spring,No Holiday,Yes,2018,5,7,Monday,1668-2000,0,Low Snowfall,0.20 - 1.00,0.14398136345225493,-0.6691788183900854
174,3,-0.6200663901391992,57.0,1.1,1079,-2.3,-0.6691788183900854,0.0,0.0,Spring,No Holiday,Yes,2018,3,18,Sunday,925-1668,0,Low Snowfall,1.00 - 1.60,-0.6200663901391993,-0.6691788183900854
71,3,-1.3093703417488807,57.0,0.5,1995,-10.1,-0.6691788183900854,0.0,0.0,Winter,No Holiday,Yes,2018,2,22,Thursday,1668-2000,0,Low Snowfall,0.20 - 1.00,-1.3093703417488807,-0.6691788183900854
1046,21,0.11906676279166419,66.0,1.7,677,8.1,-0.6691788183900854,0.0,0.0,Spring,No Holiday,Yes,2018,3,29,Thursday,0-925,0,Low Snowfall,1.60 - 2.20,0.1190667627916641,-0.6691788183900854
1292,15,0.9661631852517548,57.0,1.8,1664,15.5,1.1292692514978755,0.0,0.0,Summer,No Holiday,Yes,2018,6,14,Thursday,925-1668,0,Low Snowfall,1.60 - 2.20,0.9661631852517547,1.1292692514978755
983,13,-0.14668897758797214,34.0,2.6,1940,-4.1,1.9701021153415974,0.0,0.0,Autumn,No Holiday,Yes,2018,10,31,Wednesday,1668-2000,0,Low Snowfall,2.20 - 7.30,-0.14668897758797222,1.9701021153415974
384,23,0.43465170449248214,93.0,0.8,460,17.0,-0.6691788183900854,3.5,0.0,Summer,No Holiday,Yes,2018,6,11,Monday,0-925,Non-0,Low Snowfall,0.20 - 1.00,0.4346517044924821,-0.6691788183900854
269,10,-1.5336017476941985,26.0,2.8,1967,-22.0,0.07822817169322303,0.0,0.0,Winter,No Holiday,Yes,2017,12,5,Tuesday,1668-2000,0,Low Snowfall,2.20 - 7.30,-1.5336017476941985,0.07822817169322299
1197,12,1.1156507892153,46.0,1.8697311035001054,1103,13.8,3.1379255373467667,0.0,0.0,Summer,No Holiday,Yes,2018,6,21,Thursday,925-1668,0,Low Snowfall,1.60 - 2.20,1.1156507892153,3.1379255373467667
1857,18,-0.3210911822121084,31.0,2.0,1932,-7.1,-0.6691788183900854,0.0,0.0,Autumn,No Holiday,Yes,2018,11,20,Tuesday,1668-2000,0,Low Snowfall,1.60 - 2.20,-0.3210911822121085,-0.6691788183900854
223,7,1.2070043249708,86.0,1.8,485,24.9,-0.6341441157299302,0.4,0.0,Summer,No Holiday,Yes,2018,8,5,Sunday,0-925,Non-0,Low Snowfall,1.60 - 2.20,1.2070043249708,-0.6341441157299302
215,18,-1.0187000007086535,31.0,2.3,2000,-14.5,-0.6575005841700337,0.0,0.0,Winter,Holiday,Yes,2017,12,31,Sunday,2000 이상,0,Low Snowfall,2.20 - 7.30,-1.0187000007086535,-0.6575005841700337
1054,7,-0.44566418551506287,54.0,1.7,1690,-1.1,-0.5173617735294134,0.0,0.0,Spring,No Holiday,Yes,2018,4,12,Thursday,1668-2000,0,Low Snowfall,1.60 - 2.20,-0.4456641855150629,-0.5173617735294134
233,22,-1.4007238775043807,41.0,0.4,1462,-15.2,-0.6691788183900854,0.0,0.0,Winter,No Holiday,Yes,2018,2,8,Thursday,925-1668,0,Low Snowfall,0.20 - 1.00,-1.4007238775043807,-0.6691788183900854
832,23,-0.1965181789091539,62.0,2.1,1694,3.6,-0.6691788183900854,0.0,0.0,Spring,No Holiday,Yes,2018,5,3,Thursday,1668-2000,0,Low Snowfall,1.60 - 2.20,-0.196518178909154,-0.6691788183900854
696,10,-0.40413985108074474,51.0,0.7,1100,-1.4,0.9424175039770483,0.0,0.0,Autumn,No Holiday,Yes,2018,11,1,Thursday,925-1668,0,Low Snowfall,0.20 - 1.00,-0.4041398510807448,0.9424175039770483
1929,18,0.4429565713793459,31.0,3.4,1953,4.5,0.25340168499399846,0.0,0.0,Spring,No Holiday,Yes,2018,5,5,Saturday,1668-2000,0,Low Snowfall,2.20 - 7.30,0.44295657137934585,0.2534016849939984
217,15,-1.483772546373017,23.0,2.066465973053027,2000,-20.3,0.14829757701353313,0.0,0.0,Winter,No Holiday,Yes,2018,1,28,Sunday,2000 이상,0,Low Snowfall,1.60 - 2.20,-1.483772546373017,0.1482975770135331
227,1,-0.7529442603290173,69.0,2.132854976917607,485,-1.2,-0.6691788183900854,0.0,0.0,Winter,No Holiday,Yes,2017,12,3,Sunday,0-925,0,Low Snowfall,1.60 - 2.20,-0.7529442603290174,-0.6691788183900854
912,16,1.6720768706351636,42.0,2.1208542355711657,1712,18.4,2.2737362050629417,0.0,0.0,Summer,No Holiday,Yes,2018,7,18,Wednesday,1668-2000,0,Low Snowfall,1.60 - 2.20,1.6720768706351636,2.2737362050629417
215,4,0.7170171786458458,87.0,0.4,951,19.3,-0.6691788183900854,0.0,0.0,Autumn,No Holiday,Yes,2018,9,6,Thursday,925-1668,0,Low Snowfall,0.20 - 1.00,0.7170171786458457,-0.6691788183900854
321,22,-0.7446393934421537,57.0,1.789671482329837,430,-3.7,-0.6691788183900854,0.0,0.0,Winter,No Holiday,Yes,2018,1,16,Tuesday,0-925,0,Low Snowfall,1.60 - 2.20,-0.7446393934421538,-0.6691788183900854
216,3,0.21042029854716413,63.0,0.3,2000,8.4,-0.6691788183900854,0.0,0.0,Autumn,Holiday,Yes,2018,9,24,Monday,2000 이상,0,Low Snowfall,0.20 - 1.00,0.21042029854716404,-0.6691788183900854
1263,9,0.9744680521386183,59.0,1.1,616,16.1,1.4329033412192194,0.0,0.0,Summer,No Holiday,Yes,2018,6,18,Monday,0-925,0,Low Snowfall,1.00 - 1.60,0.9744680521386182,1.4329033412192194
375,1,-0.3377009159858356,45.0,2.1,1456,-2.4,-0.6691788183900854,0.0,0.0,Spring,No Holiday,Yes,2018,4,18,Wednesday,925-1668,0,Low Snowfall,1.60 - 2.20,-0.3377009159858357,-0.6691788183900854
1407,19,0.1356764965653914,48.0,1.9,1998,3.6,-0.6691788183900854,0.0,0.0,Autumn,No Holiday,Yes,2018,10,20,Saturday,1668-2000,0,Low Snowfall,1.60 - 2.20,0.13567649656539132,-0.6691788183900854
817,10,0.1356764965653914,43.0,0.7,1339,2.1,0.9073828013168934,0.0,0.0,Autumn,No Holiday,Yes,2018,10,22,Monday,925-1668,0,Low Snowfall,0.20 - 1.00,0.13567649656539132,0.9073828013168934
164,3,-1.0270048675955172,42.0,1.1,2000,-10.8,-0.6691788183900854,0.0,0.0,Autumn,No Holiday,Yes,2018,11,22,Thursday,2000 이상,0,Low Snowfall,1.00 - 1.60,-1.0270048675955172,-0.6691788183900854
1814,15,1.0326021203466635,32.0,3.8,1980,7.4,2.1569538628624247,0.0,0.0,Autumn,No Holiday,Yes,2018,9,22,Saturday,1668-2000,0,Low Snowfall,2.20 - 7.30,1.0326021203466635,2.1569538628624247
221,10,-1.458857945712426,52.0,0.8,648,-12.9,-0.27211885490832777,0.0,0.0,Winter,No Holiday,Yes,2017,12,15,Friday,0-925,0,Low Snowfall,0.20 - 1.00,-1.458857945712426,-0.2721188549083278
639,10,1.464455198463573,67.0,0.7,1354,23.7,0.7322092880161178,0.0,0.0,Summer,No Holiday,Yes,2018,8,13,Monday,925-1668,0,Low Snowfall,0.20 - 1.00,1.464455198463573,0.7322092880161178
849,15,-0.07194517560619942,30.0,3.0,1120,-4.9,2.145275628642373,0.0,0.0,Spring,No Holiday,Yes,2018,3,23,Friday,925-1668,0,Low Snowfall,2.20 - 7.30,-0.07194517560619951,2.145275628642373
201,5,0.11076189590480058,75.0,0.6,635,9.9,-0.6691788183900854,0.0,0.0,Spring,No Holiday,Yes,2018,5,25,Friday,0-925,0,Low Snowfall,0.20 - 1.00,0.1107618959048005,-0.6691788183900854
1208,20,-0.28787171466465383,44.0,1.8,1991,-2.1,-0.6691788183900854,0.0,0.0,Autumn,No Holiday,Yes,2018,11,13,Tuesday,1668-2000,0,Low Snowfall,1.60 - 2.20,-0.2878717146646539,-0.6691788183900854
385,2,-0.28787171466465383,71.0,0.8,2000,3.7,-0.6691788183900854,0.0,0.0,Autumn,No Holiday,Yes,2018,10,18,Thursday,2000 이상,0,Low Snowfall,0.20 - 1.00,-0.2878717146646539,-0.6691788183900854
764,11,0.5758344415691639,57.0,3.0,1929,11.3,0.8373133959965832,0.0,0.0,Autumn,Holiday,Yes,2018,9,23,Sunday,1668-2000,0,Low Snowfall,2.20 - 7.30,0.5758344415691637,0.8373133959965832
988,11,0.8997242501568457,51.0,3.5,1970,13.0,2.3905185472634587,0.0,0.0,Autumn,No Holiday,Yes,2018,9,7,Friday,1668-2000,0,Low Snowfall,2.20 - 7.30,0.8997242501568455,2.3905185472634587
1641,18,-0.24634738023033567,33.0,1.2,2000,-5.5,0.12494110857342985,0.0,0.0,Spring,No Holiday,Yes,2018,3,16,Friday,2000 이상,0,Low Snowfall,1.00 - 1.60,-0.24634738023033576,0.12494110857342981
235,14,-0.7280296596684263,85.0,0.7,325,1.8,0.08990640591327474,0.0,1.4,Winter,No Holiday,Yes,2017,12,10,Sunday,0-925,0,Low Snowfall,0.20 - 1.00,-0.7280296596684264,0.0899064059132747
108,1,-1.251236273540835,56.0,0.8,1732,-9.7,-0.6691788183900854,0.0,0.0,Winter,No Holiday,Yes,2018,1,2,Tuesday,1668-2000,0,Low Snowfall,0.20 - 1.00,-1.251236273540835,-0.6691788183900854
317,5,0.5343101071348457,77.0,0.8,831,15.2,-0.6691788183900854,0.0,0.0,Summer,No Holiday,Yes,2018,6,19,Tuesday,0-925,0,Low Snowfall,0.20 - 1.00,0.5343101071348456,-0.6691788183900854
1006,17,1.8963082765804815,36.0,2.2,2000,18.3,1.1759821883780825,0.0,0.0,Summer,No Holiday,Yes,2018,8,11,Saturday,2000 이상,0,Low Snowfall,1.60 - 2.20,1.8963082765804815,1.1759821883780825
1358,20,0.6754928442115277,43.0,1.8,788,8.0,-0.6691788183900854,0.0,0.0,Spring,No Holiday,Yes,2018,4,20,Friday,0-925,0,Low Snowfall,1.60 - 2.20,0.6754928442115276,-0.6691788183900854
177,22,-0.8526026629713808,88.0,2.0,621,0.9,-0.6691788183900854,0.0,0.0,Spring,No Holiday,Yes,2018,4,8,Sunday,0-925,0,Low Snowfall,1.60 - 2.20,-0.8526026629713809,-0.6691788183900854
288,23,-0.7280296596684263,34.0,1.7,1476,-10.3,-0.6691788183900854,0.0,0.0,Spring,No Holiday,Yes,2018,3,11,Sunday,925-1668,0,Low Snowfall,1.60 - 2.20,-0.7280296596684264,-0.6691788183900854
19,5,-0.08855490937992662,97.0,1.4462931862566073,305,11.4,-0.6691788183900854,3.0,0.0,Spring,No Holiday,Yes,2018,4,4,Wednesday,0-925,Non-0,Low Snowfall,1.00 - 1.60,-0.0885549093799267,-0.6691788183900854
570,20,-0.6200663901391992,77.0,0.7,490,1.7,-0.6691788183900854,0.0,0.4,Autumn,No Holiday,Yes,2018,11,25,Sunday,0-925,0,Low Snowfall,0.20 - 1.00,-0.6200663901391993,-0.6691788183900854
1195,9,0.866504782609391,59.0,3.0,1974,14.9,1.0358433777374618,0.0,0.0,Autumn,No Holiday,Yes,2018,9,5,Wednesday,1668-2000,0,Low Snowfall,2.20 - 7.30,0.8665047826093909,1.0358433777374618
243,1,-0.6200663901391992,42.0,1.561913717855783,2000,-6.4,-0.6691788183900854,0.0,0.0,Spring,No Holiday,Yes,2018,3,20,Tuesday,2000 이상,0,Low Snowfall,1.00 - 1.60,-0.6200663901391993,-0.6691788183900854
186,3,0.6007490422297548,82.0,1.4,1202,17.0,-0.6691788183900854,0.0,0.0,Autumn,No Holiday,Yes,2018,9,17,Monday,925-1668,0,Low Snowfall,1.00 - 1.60,0.6007490422297547,-0.6691788183900854
531,15,2.1869786176207087,37.0,2.3,1892,21.9,2.624083231664492,0.0,0.0,Summer,No Holiday,Yes,2018,8,1,Wednesday,1668-2000,0,Low Snowfall,2.20 - 7.30,2.1869786176207087,2.624083231664492
0,23,-0.2712619808909266,45.0,2.0,1969,-1.6,-0.6691788183900854,0.0,0.0,Spring,No Holiday,No,2018,4,11,Wednesday,1668-2000,0,Low Snowfall,1.60 - 2.20,-0.2712619808909267,-0.6691788183900854
